,Name,Latitude,Longitude,Rating,Review Count
0,Empório Sertanejo,-8.0423002,-34.8914108,4.5,12
1,O Rei das Coxinhas,-8.0443096,-34.894249,4.5,11
2,Dalena,-8.0476161,-34.897091,4.5,9
3,Chiwake,-8.0479241,-34.8954469,5.0,5
4,ZEN,-8.04413390541109,-34.8928966601909,3.5,13
5,Winner Sports Bar,-8.0473804,-34.8937912,4.5,5
6,China 48,-8.0403204,-34.8926697,4.5,5
7,Papaya Verde,-8.0454302,-34.8928795,4.5,4
8,Via Paladar,-8.04317,-34.893261,5.0,3
9,Com.Pão,-8.0415697,-34.8981781,5.0,4
10,Restaurante Amarelo Manga,-8.0437498,-34.8926811,4.5,3
11,Pão de Açúcar,-8.0460616,-34.8972255,4.5,6
12,Buca Trattoria,-8.0451803,-34.8933601,4.5,3
13,Panificadora e Confeitaria Espinheiro,-8.0422497,-34.8923988,4.5,3
14,Bodega do Futuro,-8.0427656,-34.8987312,4.0,7
15,DaHora Restaurante e Pizzaria,-8.0451899,-34.8937683,4.5,3
16,Famiglia Lucco,-8.0474396,-34.8949585,4.5,4
17,Ponte Nova,-8.0465311,-34.8981218,5.0,4
18,Terracio Restaurante,-8.0439501,-34.8928909,5.0,2
19,Na Venda - Chocolates e Cafés,-8.0451899,-34.8985901,5.0,3
20,Bar e Restaurante Marisqueira,-8.0073512,-34.840877,5.0,1
21,Sugoi,-7.9998088,-34.8392563,4.0,1
22,Capitania Forneria & Mar,-7.9952755,-34.838913,5.0,1
23,Sob Medida,-7.99626491926441,-34.8418368672758,1.0,1
24,Spettus Steak House,-8.103658,-34.889275,4.5,17
25,Nikko Japanese Fusion,-8.105029,-34.888829,4.5,7
26,Camarada Camarão,-8.100946254656,-34.8864100361763,4.5,8
27,Entre Amigos Praia,-8.09816842304372,-34.8840141766686,4.0,10
28,Alphaiate,-8.104383,-34.887301,4.5,4
29,Ganache Tortas Finas,-8.1124802,-34.8935699,5.0,3
30,Tomaselli,-8.1029196,-34.8864594,4.5,3
31,Benvinda,-8.10566,-34.889524,4.5,3
32,Mingus,-8.0977966,-34.8847806,5.0,3
33,Casa dos Frios,-8.1062803,-34.8901596,4.5,3
34,Empadas Santa Massa,-8.103817,-34.8866997,4.5,3
35,Wiella Bistrô,-8.1007299,-34.8876114,4.5,3
36,Underground,-8.0970402,-34.8834915,4.0,6
37,Diplomata Delicatessen,-8.1086502,-34.8903008,4.0,4
38,Ça Va Bistrô,-8.0955496,-34.8840408,4.5,4
39,Cakes Doceria,-8.1055498,-34.8895416,4.5,2
40,Italian Freddo,-8.1008997,-34.8865814,4.5,2
41,Chez Wiet Patisserie,-8.1007299,-34.8876114,4.5,2
42,Club du Vin,-8.1055403,-34.8886108,4.0,2
43,Club Bardot,-8.1101398,-34.892849,5.0,2
44,Bar Central,-8.05779312123268,-34.880135199701,4.0,17
45,Parque 13 de Maio,-8.0569096,-34.8833885,4.5,8
46,Empório Sertanejo,-8.0423002,-34.8914108,4.5,12
47,Galeria Café Castro Alves,-8.0533199,-34.8791199,4.5,5
48,Club Miró,-8.0539904,-34.8879318,4.5,5
49,Restaurante Puxinanã,-8.0576601,-34.8803291,4.5,5
50,Bogart Café,-8.0546198,-34.8881798,4.5,5
51,Espaço Muda,-8.0533199,-34.8791199,4.5,3
52,Itapissuma,-8.0542775,-34.8812561,5.0,2
53,São Braz,-8.0543404,-34.8833504,4.5,3
54,Kovacic,-8.0527096,-34.8887444,4.5,3
55,O Vegetariano,-8.05235,-34.8889198,4.5,3
56,Rua do lazer,-8.05469513775016,-34.8873583421417,4.5,4
57,Iraq,-8.0565796,-34.8854599,3.5,6
58,Tapioca da Maria,-8.0531301,-34.8873787,4.5,3
59,Restaurante Capitão Lima,-8.0541897,-34.8778,4.0,4
60,Govinda,-8.0553703,-34.8859215,4.5,3
61,Vasconcelos Bistrô e Café,-8.0478401,-34.8891907,4.5,3
62,Igarassu,-8.0542775,-34.8812561,4.5,2
63,Restaurante Acafrao,-8.05443,-34.8880692,4.5,3
64,Sansa,-8.062973,-34.87236,4.5,8
65,Downtown Pub,-8.0639,-34.8724599,4.5,11
66,Paço do Frevo,-8.06154,-34.87092,4.5,7
67,Torre Malakoff,-8.06015249140342,-34.8711306772461,5.0,6
68,Sinagoga Kahal Zur Israel,-8.0619001,-34.8713608,4.5,7
69,Apolo Beer Café,-8.0612497,-34.872139,5.0,4
70,Bar Burburinho,-8.0640259,-34.8724022,4.5,6
71,Bar Central,-8.05779312123268,-34.880135199701,4.0,17
72,Caravela's,-8.0620203,-34.8714104,5.0,4
73,Seu Boteco,-8.063757,-34.871309,4.5,7
74,Feirinha do Bom Jesus,-8.0621405,-34.8713989,4.5,5
75,As Galerias,-8.0612999,-34.87173,4.5,5
76,Cais do Sertão,-8.060006,-34.869925,4.5,5
77,Praça da República,-8.0613403,-34.8777199,5.0,5
78,Cioccolatte Gelateria,-8.0549221,-34.869442,5.0,4
79,Praça do Marco Zero,-8.06301333046358,-34.8712680653359,4.5,4
80,Rock & Ribs,-8.0586004,-34.8696785,4.5,4
81,Bar Teatro Mamulengo,-8.0610504,-34.8716393,4.0,5
82,São Braz Café,-8.0643997,-34.8738785,4.5,3
83,Parque de Esculturas Francisco Brennand,-8.06360159193182,-34.868788326062,4.5,4
84,Bar Central,-8.05779312123268,-34.880135199701,4.0,17
85,Parque 13 de Maio,-8.0569096,-34.8833885,4.5,8
86,Torre Malakoff,-8.06015249140342,-34.8711306772461,5.0,6
87,Restaurante Puxinanã,-8.0576601,-34.8803291,4.5,5
88,Paço do Frevo,-8.06154,-34.87092,4.5,7
89,Praça da República,-8.0613403,-34.8777199,5.0,5
90,Sansa,-8.062973,-34.87236,4.5,8
91,Galeria Café Castro Alves,-8.0533199,-34.8791199,4.5,5
92,Sinagoga Kahal Zur Israel,-8.0619001,-34.8713608,4.5,7
93,Apolo Beer Café,-8.0612497,-34.872139,5.0,4
94,Downtown Pub,-8.0639,-34.8724599,4.5,11
95,Espaço Muda,-8.0533199,-34.8791199,4.5,3
96,Cais do Sertão,-8.060006,-34.869925,4.5,5
97,Restaurante Capitão Lima,-8.0541897,-34.8778,4.0,4
98,Caravela's,-8.0620203,-34.8714104,5.0,4
99,Bar Burburinho,-8.0640259,-34.8724022,4.5,6
100,As Galerias,-8.0612999,-34.87173,4.5,5
101,Itapissuma,-8.0542775,-34.8812561,5.0,2
102,Frontal Ponto de Encontro,-8.0578604,-34.8801994,3.5,5
103,Feirinha do Bom Jesus,-8.0621405,-34.8713989,4.5,5
104,Empório Sertanejo,-8.0423002,-34.8914108,4.5,12
105,O Rei das Coxinhas,-8.0443096,-34.894249,4.5,11
106,China 48,-8.0403204,-34.8926697,4.5,5
107,Dalena,-8.0476161,-34.897091,4.5,9
108,Chiwake,-8.0479241,-34.8954469,5.0,5
109,ZEN,-8.04413390541109,-34.8928966601909,3.5,13
110,Via Paladar,-8.04317,-34.893261,5.0,3
111,Winner Sports Bar,-8.0473804,-34.8937912,4.5,5
112,Com.Pão,-8.0415697,-34.8981781,5.0,4
113,Papaya Verde,-8.0454302,-34.8928795,4.5,4
114,Panificadora e Confeitaria Espinheiro,-8.0422497,-34.8923988,4.5,3
115,Restaurante Amarelo Manga,-8.0437498,-34.8926811,4.5,3
116,Pão de Açúcar,-8.0460616,-34.8972255,4.5,6
117,Bodega do Futuro,-8.0427656,-34.8987312,4.0,7
118,Confraria,-8.034333,-34.890739,4.5,6
119,Buca Trattoria,-8.0451803,-34.8933601,4.5,3
120,Cachaçaria Tradição,-8.0449434,-34.8997402,4.5,5
121,DaHora Restaurante e Pizzaria,-8.0451899,-34.8937683,4.5,3
122,Terracio Restaurante,-8.0439501,-34.8928909,5.0,2
123,Tay San Yuen,-8.04145816406097,-34.8938260227442,4.5,3
124,Parraxaxá,-8.038119,-34.911863,4.5,14
125,Ponto do Açaí,-8.0370197,-34.9015884,4.5,7
126,Bar do Neno e Lula,-8.0328199,-34.90963,4.5,5
127,Parque da Jaqueira,-8.0373402,-34.9030304,5.0,4
128,Recanto Paraibano,-8.03479180944101,-34.9119366114309,4.0,7
129,Canela Gastrobar,-8.0345201,-34.8987999,4.5,5
130,Portal da Picanha,-8.03527,-34.899235,4.0,9
131,Mutti Capriccio,-8.03706,-34.91138,4.0,7
132,Famiglia Lucco Pizzas,-8.0320997,-34.913681,4.0,6
133,Texanno's,-8.035727,-34.908796,4.0,6
134,Pizzaria Candelabro,-8.0279684,-34.9118652,4.5,4
135,Pan Jovem Jaqueira,-8.0355101,-34.9022598,4.5,3
136,Le Olive Pizzeria,-8.0349102,-34.9014511,4.5,3
137,Guaiamum Gigante,-8.0362701,-34.9102783,3.5,7
138,Kwai Burger,-8.03809,-34.90225,4.5,4
139,Sítio Trindade,-8.02981610254743,-34.9123603915405,4.5,3
140,O Rei da Picanha,-8.0244981,-34.9104218,3.5,5
141,Sabor do Doce,-8.0267601,-34.9048615,4.0,3
142,Yantai Express,-8.0325499,-34.9041481,3.0,6
143,Oma Pâtisserie e Bistrô,-8.0279455,-34.8995438,4.5,3
144,La Pecora Nera,-8.0493145,-34.9118423,5.0,5
145,Vaporetto Container Bar,-8.04002102272508,-34.9127634242177,4.5,9
146,Itiban,-8.05032177998383,-34.9074477873834,4.0,11
147,Vovó Nice,-8.04529,-34.9072304,5.0,4
148,Parque Santana,-8.0061598,-34.9272308,5.0,4
149,Dobradinha do Gordo,-8.045796,-34.907201,4.5,5
150,Torre Massas,-8.0437202,-34.9105186,5.0,3
151,Panificadora Nova Armada,-8.04610186521047,-34.9070861935616,4.0,6
152,Delicia da Prazeres,-8.05186,-34.91823,4.5,3
153,Bar do Ao Seu Dispor,-8.04184,-34.90811,3.5,7
154,Recife Cocos,-8.0084925,-34.9365158,5.0,3
155,Di Branco Recepções,-8.0474701,-34.9085503,4.5,3
156,Speciale Pizzas Artesanais,-8.04589,-34.90691,3.5,6
157,Carlitos Burguer,-8.04387,-34.9092,3.5,7
158,Bar do Agenor,-8.0482397,-34.9145012,3.5,3
159,Irajá,-8.04653,-34.91092,4.0,3
160,Pizzaria La Cuca,-8.0436697,-34.9093018,4.5,3
161,Santa Pizza,-8.0421658,-34.9084854,4.0,4
162,Nova Torre,-8.0422916,-34.9098015,5.0,2
163,Confraria do Sanduba,-8.04762,-34.90904,3.5,5
164,Empório Sertanejo,-8.0423002,-34.8914108,4.5,12
165,O Rei das Coxinhas,-8.0443096,-34.894249,4.5,11
166,Dalena,-8.0476161,-34.897091,4.5,9
167,Chiwake,-8.0479241,-34.8954469,5.0,5
168,ZEN,-8.04413390541109,-34.8928966601909,3.5,13
169,Winner Sports Bar,-8.0473804,-34.8937912,4.5,5
170,China 48,-8.0403204,-34.8926697,4.5,5
171,Papaya Verde,-8.0454302,-34.8928795,4.5,4
172,Via Paladar,-8.04317,-34.893261,5.0,3
173,Com.Pão,-8.0415697,-34.8981781,5.0,4
174,Restaurante Amarelo Manga,-8.0437498,-34.8926811,4.5,3
175,Pão de Açúcar,-8.0460616,-34.8972255,4.5,6
176,Buca Trattoria,-8.0451803,-34.8933601,4.5,3
177,Panificadora e Confeitaria Espinheiro,-8.0422497,-34.8923988,4.5,3
178,Bodega do Futuro,-8.0427656,-34.8987312,4.0,7
179,DaHora Restaurante e Pizzaria,-8.0451899,-34.8937683,4.5,3
180,Famiglia Lucco,-8.0474396,-34.8949585,4.5,4
181,Ponte Nova,-8.0465311,-34.8981218,5.0,4
182,Terracio Restaurante,-8.0439501,-34.8928909,5.0,2
183,Na Venda - Chocolates e Cafés,-8.0451899,-34.8985901,5.0,3
184,Bar e Restaurante Marisqueira,-8.0073512,-34.840877,5.0,1
185,Sugoi,-7.9998088,-34.8392563,4.0,1
186,Capitania Forneria & Mar,-7.9952755,-34.838913,5.0,1
187,Sob Medida,-7.99626491926441,-34.8418368672758,1.0,1
188,Spettus Steak House,-8.103658,-34.889275,4.5,17
189,Nikko Japanese Fusion,-8.105029,-34.888829,4.5,7
190,Camarada Camarão,-8.100946254656,-34.8864100361763,4.5,8
191,Entre Amigos Praia,-8.09816842304372,-34.8840141766686,4.0,10
192,Alphaiate,-8.104383,-34.887301,4.5,4
193,Ganache Tortas Finas,-8.1124802,-34.8935699,5.0,3
194,Tomaselli,-8.1029196,-34.8864594,4.5,3
195,Benvinda,-8.10566,-34.889524,4.5,3
196,Mingus,-8.0977966,-34.8847806,5.0,3
197,Casa dos Frios,-8.1062803,-34.8901596,4.5,3
198,Empadas Santa Massa,-8.103817,-34.8866997,4.5,3
199,Wiella Bistrô,-8.1007299,-34.8876114,4.5,3
200,Underground,-8.0970402,-34.8834915,4.0,6
201,Diplomata Delicatessen,-8.1086502,-34.8903008,4.0,4
202,Ça Va Bistrô,-8.0955496,-34.8840408,4.5,4
203,Cakes Doceria,-8.1055498,-34.8895416,4.5,2
204,Italian Freddo,-8.1008997,-34.8865814,4.5,2
205,Chez Wiet Patisserie,-8.1007299,-34.8876114,4.5,2
206,Club du Vin,-8.1055403,-34.8886108,4.0,2
207,Club Bardot,-8.1101398,-34.892849,5.0,2
208,Bar Central,-8.05779312123268,-34.880135199701,4.0,17
209,Parque 13 de Maio,-8.0569096,-34.8833885,4.5,8
210,Empório Sertanejo,-8.0423002,-34.8914108,4.5,12
211,Galeria Café Castro Alves,-8.0533199,-34.8791199,4.5,5
212,Club Miró,-8.0539904,-34.8879318,4.5,5
213,Restaurante Puxinanã,-8.0576601,-34.8803291,4.5,5
214,Bogart Café,-8.0546198,-34.8881798,4.5,5
215,Espaço Muda,-8.0533199,-34.8791199,4.5,3
216,Itapissuma,-8.0542775,-34.8812561,5.0,2
217,São Braz,-8.0543404,-34.8833504,4.5,3
218,Kovacic,-8.0527096,-34.8887444,4.5,3
219,O Vegetariano,-8.05235,-34.8889198,4.5,3
220,Rua do lazer,-8.05469513775016,-34.8873583421417,4.5,4
221,Iraq,-8.0565796,-34.8854599,3.5,6
222,Tapioca da Maria,-8.0531301,-34.8873787,4.5,3
223,Restaurante Capitão Lima,-8.0541897,-34.8778,4.0,4
224,Govinda,-8.0553703,-34.8859215,4.5,3
225,Vasconcelos Bistrô e Café,-8.0478401,-34.8891907,4.5,3
226,Igarassu,-8.0542775,-34.8812561,4.5,2
227,Restaurante Acafrao,-8.05443,-34.8880692,4.5,3
228,Sansa,-8.062973,-34.87236,4.5,8
229,Downtown Pub,-8.0639,-34.8724599,4.5,11
230,Paço do Frevo,-8.06154,-34.87092,4.5,7
231,Torre Malakoff,-8.06015249140342,-34.8711306772461,5.0,6
232,Sinagoga Kahal Zur Israel,-8.0619001,-34.8713608,4.5,7
233,Apolo Beer Café,-8.0612497,-34.872139,5.0,4
234,Bar Burburinho,-8.0640259,-34.8724022,4.5,6
235,Bar Central,-8.05779312123268,-34.880135199701,4.0,17
236,Caravela's,-8.0620203,-34.8714104,5.0,4
237,Seu Boteco,-8.063757,-34.871309,4.5,7
238,Feirinha do Bom Jesus,-8.0621405,-34.8713989,4.5,5
239,As Galerias,-8.0612999,-34.87173,4.5,5
240,Cais do Sertão,-8.060006,-34.869925,4.5,5
241,Praça da República,-8.0613403,-34.8777199,5.0,5
242,Cioccolatte Gelateria,-8.0549221,-34.869442,5.0,4
243,Praça do Marco Zero,-8.06301333046358,-34.8712680653359,4.5,4
244,Rock & Ribs,-8.0586004,-34.8696785,4.5,4
245,Bar Teatro Mamulengo,-8.0610504,-34.8716393,4.0,5
246,São Braz Café,-8.0643997,-34.8738785,4.5,3
247,Parque de Esculturas Francisco Brennand,-8.06360159193182,-34.868788326062,4.5,4
248,Bar Central,-8.05779312123268,-34.880135199701,4.0,17
249,Parque 13 de Maio,-8.0569096,-34.8833885,4.5,8
250,Torre Malakoff,-8.06015249140342,-34.8711306772461,5.0,6
251,Restaurante Puxinanã,-8.0576601,-34.8803291,4.5,5
252,Paço do Frevo,-8.06154,-34.87092,4.5,7
253,Praça da República,-8.0613403,-34.8777199,5.0,5
254,Sansa,-8.062973,-34.87236,4.5,8
255,Galeria Café Castro Alves,-8.0533199,-34.8791199,4.5,5
256,Sinagoga Kahal Zur Israel,-8.0619001,-34.8713608,4.5,7
257,Apolo Beer Café,-8.0612497,-34.872139,5.0,4
258,Downtown Pub,-8.0639,-34.8724599,4.5,11
259,Espaço Muda,-8.0533199,-34.8791199,4.5,3
260,Cais do Sertão,-8.060006,-34.869925,4.5,5
261,Restaurante Capitão Lima,-8.0541897,-34.8778,4.0,4
262,Caravela's,-8.0620203,-34.8714104,5.0,4
263,Bar Burburinho,-8.0640259,-34.8724022,4.5,6
264,As Galerias,-8.0612999,-34.87173,4.5,5
265,Itapissuma,-8.0542775,-34.8812561,5.0,2
266,Frontal Ponto de Encontro,-8.0578604,-34.8801994,3.5,5
267,Feirinha do Bom Jesus,-8.0621405,-34.8713989,4.5,5
268,Empório Sertanejo,-8.0423002,-34.8914108,4.5,12
269,O Rei das Coxinhas,-8.0443096,-34.894249,4.5,11
270,China 48,-8.0403204,-34.8926697,4.5,5
271,Dalena,-8.0476161,-34.897091,4.5,9
272,Chiwake,-8.0479241,-34.8954469,5.0,5
273,ZEN,-8.04413390541109,-34.8928966601909,3.5,13
274,Via Paladar,-8.04317,-34.893261,5.0,3
275,Winner Sports Bar,-8.0473804,-34.8937912,4.5,5
276,Com.Pão,-8.0415697,-34.8981781,5.0,4
277,Papaya Verde,-8.0454302,-34.8928795,4.5,4
278,Panificadora e Confeitaria Espinheiro,-8.0422497,-34.8923988,4.5,3
279,Restaurante Amarelo Manga,-8.0437498,-34.8926811,4.5,3
280,Pão de Açúcar,-8.0460616,-34.8972255,4.5,6
281,Bodega do Futuro,-8.0427656,-34.8987312,4.0,7
282,Confraria,-8.034333,-34.890739,4.5,6
283,Buca Trattoria,-8.0451803,-34.8933601,4.5,3
284,Cachaçaria Tradição,-8.0449434,-34.8997402,4.5,5
285,DaHora Restaurante e Pizzaria,-8.0451899,-34.8937683,4.5,3
286,Terracio Restaurante,-8.0439501,-34.8928909,5.0,2
287,Tay San Yuen,-8.04145816406097,-34.8938260227442,4.5,3
288,Parraxaxá,-8.038119,-34.911863,4.5,14
289,Ponto do Açaí,-8.0370197,-34.9015884,4.5,7
290,Bar do Neno e Lula,-8.0328199,-34.90963,4.5,5
291,Parque da Jaqueira,-8.0373402,-34.9030304,5.0,4
292,Recanto Paraibano,-8.03479180944101,-34.9119366114309,4.0,7
293,Canela Gastrobar,-8.0345201,-34.8987999,4.5,5
294,Portal da Picanha,-8.03527,-34.899235,4.0,9
295,Mutti Capriccio,-8.03706,-34.91138,4.0,7
296,Famiglia Lucco Pizzas,-8.0320997,-34.913681,4.0,6
297,Texanno's,-8.035727,-34.908796,4.0,6
298,Pizzaria Candelabro,-8.0279684,-34.9118652,4.5,4
299,Pan Jovem Jaqueira,-8.0355101,-34.9022598,4.5,3
300,Le Olive Pizzeria,-8.0349102,-34.9014511,4.5,3
301,Guaiamum Gigante,-8.0362701,-34.9102783,3.5,7
302,Kwai Burger,-8.03809,-34.90225,4.5,4
303,Sítio Trindade,-8.02981610254743,-34.9123603915405,4.5,3
304,O Rei da Picanha,-8.0244981,-34.9104218,3.5,5
305,Sabor do Doce,-8.0267601,-34.9048615,4.0,3
306,Yantai Express,-8.0325499,-34.9041481,3.0,6
307,Oma Pâtisserie e Bistrô,-8.0279455,-34.8995438,4.5,3
308,La Pecora Nera,-8.0493145,-34.9118423,5.0,5
309,Vaporetto Container Bar,-8.04002102272508,-34.9127634242177,4.5,9
310,Itiban,-8.05032177998383,-34.9074477873834,4.0,11
311,Vovó Nice,-8.04529,-34.9072304,5.0,4
312,Parque Santana,-8.0061598,-34.9272308,5.0,4
313,Dobradinha do Gordo,-8.045796,-34.907201,4.5,5
314,Torre Massas,-8.0437202,-34.9105186,5.0,3
315,Panificadora Nova Armada,-8.04610186521047,-34.9070861935616,4.0,6
316,Delicia da Prazeres,-8.05186,-34.91823,4.5,3
317,Bar do Ao Seu Dispor,-8.04184,-34.90811,3.5,7
318,Recife Cocos,-8.0084925,-34.9365158,5.0,3
319,Di Branco Recepções,-8.0474701,-34.9085503,4.5,3
320,Speciale Pizzas Artesanais,-8.04589,-34.90691,3.5,6
321,Carlitos Burguer,-8.04387,-34.9092,3.5,7
322,Bar do Agenor,-8.0482397,-34.9145012,3.5,3
323,Irajá,-8.04653,-34.91092,4.0,3
324,Pizzaria La Cuca,-8.0436697,-34.9093018,4.5,3
325,Santa Pizza,-8.0421658,-34.9084854,4.0,4
326,Nova Torre,-8.0422916,-34.9098015,5.0,2
327,Confraria do Sanduba,-8.04762,-34.90904,3.5,5
328,Empório Sertanejo,-8.0423002,-34.8914108,4.5,12
329,O Rei das Coxinhas,-8.0443096,-34.894249,4.5,11
330,Dalena,-8.0476161,-34.897091,4.5,9
331,Chiwake,-8.0479241,-34.8954469,5.0,5
332,ZEN,-8.04413390541109,-34.8928966601909,3.5,13
333,Winner Sports Bar,-8.0473804,-34.8937912,4.5,5
334,China 48,-8.0403204,-34.8926697,4.5,5
335,Papaya Verde,-8.0454302,-34.8928795,4.5,4
336,Via Paladar,-8.04317,-34.893261,5.0,3
337,Com.Pão,-8.0415697,-34.8981781,5.0,4
338,Restaurante Amarelo Manga,-8.0437498,-34.8926811,4.5,3
339,Pão de Açúcar,-8.0460616,-34.8972255,4.5,6
340,Buca Trattoria,-8.0451803,-34.8933601,4.5,3
341,Panificadora e Confeitaria Espinheiro,-8.0422497,-34.8923988,4.5,3
342,Bodega do Futuro,-8.0427656,-34.8987312,4.0,7
343,DaHora Restaurante e Pizzaria,-8.0451899,-34.8937683,4.5,3
344,Famiglia Lucco,-8.0474396,-34.8949585,4.5,4
345,Ponte Nova,-8.0465311,-34.8981218,5.0,4
346,Terracio Restaurante,-8.0439501,-34.8928909,5.0,2
347,Na Venda - Chocolates e Cafés,-8.0451899,-34.8985901,5.0,3
348,Bar e Restaurante Marisqueira,-8.0073512,-34.840877,5.0,1
349,Sugoi,-7.9998088,-34.8392563,4.0,1
350,Capitania Forneria & Mar,-7.9952755,-34.838913,5.0,1
351,Sob Medida,-7.99626491926441,-34.8418368672758,1.0,1
352,Spettus Steak House,-8.103658,-34.889275,4.5,17
353,Nikko Japanese Fusion,-8.105029,-34.888829,4.5,7
354,Camarada Camarão,-8.100946254656,-34.8864100361763,4.5,8
355,Entre Amigos Praia,-8.09816842304372,-34.8840141766686,4.0,10
356,Alphaiate,-8.104383,-34.887301,4.5,4
357,Ganache Tortas Finas,-8.1124802,-34.8935699,5.0,3
358,Tomaselli,-8.1029196,-34.8864594,4.5,3
359,Benvinda,-8.10566,-34.889524,4.5,3
360,Mingus,-8.0977966,-34.8847806,5.0,3
361,Casa dos Frios,-8.1062803,-34.8901596,4.5,3
362,Empadas Santa Massa,-8.103817,-34.8866997,4.5,3
363,Wiella Bistrô,-8.1007299,-34.8876114,4.5,3
364,Underground,-8.0970402,-34.8834915,4.0,6
365,Diplomata Delicatessen,-8.1086502,-34.8903008,4.0,4
366,Ça Va Bistrô,-8.0955496,-34.8840408,4.5,4
367,Cakes Doceria,-8.1055498,-34.8895416,4.5,2
368,Italian Freddo,-8.1008997,-34.8865814,4.5,2
369,Chez Wiet Patisserie,-8.1007299,-34.8876114,4.5,2
370,Club du Vin,-8.1055403,-34.8886108,4.0,2
371,Club Bardot,-8.1101398,-34.892849,5.0,2
372,Bar Central,-8.05779312123268,-34.880135199701,4.0,17
373,Parque 13 de Maio,-8.0569096,-34.8833885,4.5,8
374,Empório Sertanejo,-8.0423002,-34.8914108,4.5,12
375,Galeria Café Castro Alves,-8.0533199,-34.8791199,4.5,5
376,Club Miró,-8.0539904,-34.8879318,4.5,5
377,Restaurante Puxinanã,-8.0576601,-34.8803291,4.5,5
378,Bogart Café,-8.0546198,-34.8881798,4.5,5
379,Espaço Muda,-8.0533199,-34.8791199,4.5,3
380,Itapissuma,-8.0542775,-34.8812561,5.0,2
381,São Braz,-8.0543404,-34.8833504,4.5,3
382,Kovacic,-8.0527096,-34.8887444,4.5,3
383,O Vegetariano,-8.05235,-34.8889198,4.5,3
384,Rua do lazer,-8.05469513775016,-34.8873583421417,4.5,4
385,Iraq,-8.0565796,-34.8854599,3.5,6
386,Tapioca da Maria,-8.0531301,-34.8873787,4.5,3
387,Restaurante Capitão Lima,-8.0541897,-34.8778,4.0,4
388,Govinda,-8.0553703,-34.8859215,4.5,3
389,Vasconcelos Bistrô e Café,-8.0478401,-34.8891907,4.5,3
390,Igarassu,-8.0542775,-34.8812561,4.5,2
391,Restaurante Acafrao,-8.05443,-34.8880692,4.5,3
392,Sansa,-8.062973,-34.87236,4.5,8
393,Downtown Pub,-8.0639,-34.8724599,4.5,11
394,Paço do Frevo,-8.06154,-34.87092,4.5,7
395,Torre Malakoff,-8.06015249140342,-34.8711306772461,5.0,6
396,Sinagoga Kahal Zur Israel,-8.0619001,-34.8713608,4.5,7
397,Apolo Beer Café,-8.0612497,-34.872139,5.0,4
398,Bar Burburinho,-8.0640259,-34.8724022,4.5,6
399,Bar Central,-8.05779312123268,-34.880135199701,4.0,17
400,Caravela's,-8.0620203,-34.8714104,5.0,4
401,Seu Boteco,-8.063757,-34.871309,4.5,7
402,Feirinha do Bom Jesus,-8.0621405,-34.8713989,4.5,5
403,As Galerias,-8.0612999,-34.87173,4.5,5
404,Cais do Sertão,-8.060006,-34.869925,4.5,5
405,Praça da República,-8.0613403,-34.8777199,5.0,5
406,Cioccolatte Gelateria,-8.0549221,-34.869442,5.0,4
407,Praça do Marco Zero,-8.06301333046358,-34.8712680653359,4.5,4
408,Rock & Ribs,-8.0586004,-34.8696785,4.5,4
409,Bar Teatro Mamulengo,-8.0610504,-34.8716393,4.0,5
410,São Braz Café,-8.0643997,-34.8738785,4.5,3
411,Parque de Esculturas Francisco Brennand,-8.06360159193182,-34.868788326062,4.5,4
412,Bar Central,-8.05779312123268,-34.880135199701,4.0,17
413,Parque 13 de Maio,-8.0569096,-34.8833885,4.5,8
414,Torre Malakoff,-8.06015249140342,-34.8711306772461,5.0,6
415,Restaurante Puxinanã,-8.0576601,-34.8803291,4.5,5
416,Paço do Frevo,-8.06154,-34.87092,4.5,7
417,Praça da República,-8.0613403,-34.8777199,5.0,5
418,Sansa,-8.062973,-34.87236,4.5,8
419,Galeria Café Castro Alves,-8.0533199,-34.8791199,4.5,5
420,Sinagoga Kahal Zur Israel,-8.0619001,-34.8713608,4.5,7
421,Apolo Beer Café,-8.0612497,-34.872139,5.0,4
422,Downtown Pub,-8.0639,-34.8724599,4.5,11
423,Espaço Muda,-8.0533199,-34.8791199,4.5,3
424,Cais do Sertão,-8.060006,-34.869925,4.5,5
425,Restaurante Capitão Lima,-8.0541897,-34.8778,4.0,4
426,Caravela's,-8.0620203,-34.8714104,5.0,4
427,Bar Burburinho,-8.0640259,-34.8724022,4.5,6
428,As Galerias,-8.0612999,-34.87173,4.5,5
429,Itapissuma,-8.0542775,-34.8812561,5.0,2
430,Frontal Ponto de Encontro,-8.0578604,-34.8801994,3.5,5
431,Feirinha do Bom Jesus,-8.0621405,-34.8713989,4.5,5
432,Empório Sertanejo,-8.0423002,-34.8914108,4.5,12
433,O Rei das Coxinhas,-8.0443096,-34.894249,4.5,11
434,China 48,-8.0403204,-34.8926697,4.5,5
435,Dalena,-8.0476161,-34.897091,4.5,9
436,Chiwake,-8.0479241,-34.8954469,5.0,5
437,ZEN,-8.04413390541109,-34.8928966601909,3.5,13
438,Via Paladar,-8.04317,-34.893261,5.0,3
439,Winner Sports Bar,-8.0473804,-34.8937912,4.5,5
440,Com.Pão,-8.0415697,-34.8981781,5.0,4
441,Papaya Verde,-8.0454302,-34.8928795,4.5,4
442,Panificadora e Confeitaria Espinheiro,-8.0422497,-34.8923988,4.5,3
443,Restaurante Amarelo Manga,-8.0437498,-34.8926811,4.5,3
444,Pão de Açúcar,-8.0460616,-34.8972255,4.5,6
445,Bodega do Futuro,-8.0427656,-34.8987312,4.0,7
446,Confraria,-8.034333,-34.890739,4.5,6
447,Buca Trattoria,-8.0451803,-34.8933601,4.5,3
448,Cachaçaria Tradição,-8.0449434,-34.8997402,4.5,5
449,DaHora Restaurante e Pizzaria,-8.0451899,-34.8937683,4.5,3
450,Terracio Restaurante,-8.0439501,-34.8928909,5.0,2
451,Tay San Yuen,-8.04145816406097,-34.8938260227442,4.5,3
452,Parraxaxá,-8.038119,-34.911863,4.5,14
453,Ponto do Açaí,-8.0370197,-34.9015884,4.5,7
454,Bar do Neno e Lula,-8.0328199,-34.90963,4.5,5
455,Parque da Jaqueira,-8.0373402,-34.9030304,5.0,4
456,Recanto Paraibano,-8.03479180944101,-34.9119366114309,4.0,7
457,Canela Gastrobar,-8.0345201,-34.8987999,4.5,5
458,Portal da Picanha,-8.03527,-34.899235,4.0,9
459,Mutti Capriccio,-8.03706,-34.91138,4.0,7
460,Famiglia Lucco Pizzas,-8.0320997,-34.913681,4.0,6
461,Texanno's,-8.035727,-34.908796,4.0,6
462,Pizzaria Candelabro,-8.0279684,-34.9118652,4.5,4
463,Pan Jovem Jaqueira,-8.0355101,-34.9022598,4.5,3
464,Le Olive Pizzeria,-8.0349102,-34.9014511,4.5,3
465,Guaiamum Gigante,-8.0362701,-34.9102783,3.5,7
466,Kwai Burger,-8.03809,-34.90225,4.5,4
467,Sítio Trindade,-8.02981610254743,-34.9123603915405,4.5,3
468,O Rei da Picanha,-8.0244981,-34.9104218,3.5,5
469,Sabor do Doce,-8.0267601,-34.9048615,4.0,3
470,Yantai Express,-8.0325499,-34.9041481,3.0,6
471,Oma Pâtisserie e Bistrô,-8.0279455,-34.8995438,4.5,3
472,La Pecora Nera,-8.0493145,-34.9118423,5.0,5
473,Vaporetto Container Bar,-8.04002102272508,-34.9127634242177,4.5,9
474,Itiban,-8.05032177998383,-34.9074477873834,4.0,11
475,Vovó Nice,-8.04529,-34.9072304,5.0,4
476,Parque Santana,-8.0061598,-34.9272308,5.0,4
477,Dobradinha do Gordo,-8.045796,-34.907201,4.5,5
478,Torre Massas,-8.0437202,-34.9105186,5.0,3
479,Panificadora Nova Armada,-8.04610186521047,-34.9070861935616,4.0,6
480,Delicia da Prazeres,-8.05186,-34.91823,4.5,3
481,Bar do Ao Seu Dispor,-8.04184,-34.90811,3.5,7
482,Recife Cocos,-8.0084925,-34.9365158,5.0,3
483,Di Branco Recepções,-8.0474701,-34.9085503,4.5,3
484,Speciale Pizzas Artesanais,-8.04589,-34.90691,3.5,6
485,Carlitos Burguer,-8.04387,-34.9092,3.5,7
486,Bar do Agenor,-8.0482397,-34.9145012,3.5,3
487,Irajá,-8.04653,-34.91092,4.0,3
488,Pizzaria La Cuca,-8.0436697,-34.9093018,4.5,3
489,Santa Pizza,-8.0421658,-34.9084854,4.0,4
490,Nova Torre,-8.0422916,-34.9098015,5.0,2
491,Confraria do Sanduba,-8.04762,-34.90904,3.5,5
492,Empório Sertanejo,-8.0423002,-34.8914108,4.5,12
493,O Rei das Coxinhas,-8.0443096,-34.894249,4.5,11
494,Dalena,-8.0476161,-34.897091,4.5,9
495,Chiwake,-8.0479241,-34.8954469,5.0,5
496,ZEN,-8.04413390541109,-34.8928966601909,3.5,13
497,Winner Sports Bar,-8.0473804,-34.8937912,4.5,5
498,China 48,-8.0403204,-34.8926697,4.5,5
499,Papaya Verde,-8.0454302,-34.8928795,4.5,4
500,Via Paladar,-8.04317,-34.893261,5.0,3
501,Com.Pão,-8.0415697,-34.8981781,5.0,4
502,Restaurante Amarelo Manga,-8.0437498,-34.8926811,4.5,3
503,Pão de Açúcar,-8.0460616,-34.8972255,4.5,6
504,Buca Trattoria,-8.0451803,-34.8933601,4.5,3
505,Panificadora e Confeitaria Espinheiro,-8.0422497,-34.8923988,4.5,3
506,Bodega do Futuro,-8.0427656,-34.8987312,4.0,7
507,DaHora Restaurante e Pizzaria,-8.0451899,-34.8937683,4.5,3
508,Famiglia Lucco,-8.0474396,-34.8949585,4.5,4
509,Ponte Nova,-8.0465311,-34.8981218,5.0,4
510,Terracio Restaurante,-8.0439501,-34.8928909,5.0,2
511,Na Venda - Chocolates e Cafés,-8.0451899,-34.8985901,5.0,3
512,Bar e Restaurante Marisqueira,-8.0073512,-34.840877,5.0,1
513,Sugoi,-7.9998088,-34.8392563,4.0,1
514,Capitania Forneria & Mar,-7.9952755,-34.838913,5.0,1
515,Sob Medida,-7.99626491926441,-34.8418368672758,1.0,1
516,Spettus Steak House,-8.103658,-34.889275,4.5,17
517,Nikko Japanese Fusion,-8.105029,-34.888829,4.5,7
518,Camarada Camarão,-8.100946254656,-34.8864100361763,4.5,8
519,Entre Amigos Praia,-8.09816842304372,-34.8840141766686,4.0,10
520,Alphaiate,-8.104383,-34.887301,4.5,4
521,Ganache Tortas Finas,-8.1124802,-34.8935699,5.0,3
522,Tomaselli,-8.1029196,-34.8864594,4.5,3
523,Benvinda,-8.10566,-34.889524,4.5,3
524,Mingus,-8.0977966,-34.8847806,5.0,3
525,Casa dos Frios,-8.1062803,-34.8901596,4.5,3
526,Empadas Santa Massa,-8.103817,-34.8866997,4.5,3
527,Wiella Bistrô,-8.1007299,-34.8876114,4.5,3
528,Underground,-8.0970402,-34.8834915,4.0,6
529,Diplomata Delicatessen,-8.1086502,-34.8903008,4.0,4
530,Ça Va Bistrô,-8.0955496,-34.8840408,4.5,4
531,Cakes Doceria,-8.1055498,-34.8895416,4.5,2
532,Italian Freddo,-8.1008997,-34.8865814,4.5,2
533,Chez Wiet Patisserie,-8.1007299,-34.8876114,4.5,2
534,Club du Vin,-8.1055403,-34.8886108,4.0,2
535,Club Bardot,-8.1101398,-34.892849,5.0,2
536,Bar Central,-8.05779312123268,-34.880135199701,4.0,17
537,Parque 13 de Maio,-8.0569096,-34.8833885,4.5,8
538,Empório Sertanejo,-8.0423002,-34.8914108,4.5,12
539,Galeria Café Castro Alves,-8.0533199,-34.8791199,4.5,5
540,Club Miró,-8.0539904,-34.8879318,4.5,5
541,Restaurante Puxinanã,-8.0576601,-34.8803291,4.5,5
542,Bogart Café,-8.0546198,-34.8881798,4.5,5
543,Espaço Muda,-8.0533199,-34.8791199,4.5,3
544,Itapissuma,-8.0542775,-34.8812561,5.0,2
545,São Braz,-8.0543404,-34.8833504,4.5,3
546,Kovacic,-8.0527096,-34.8887444,4.5,3
547,O Vegetariano,-8.05235,-34.8889198,4.5,3
548,Rua do lazer,-8.05469513775016,-34.8873583421417,4.5,4
549,Iraq,-8.0565796,-34.8854599,3.5,6
550,Tapioca da Maria,-8.0531301,-34.8873787,4.5,3
551,Restaurante Capitão Lima,-8.0541897,-34.8778,4.0,4
552,Govinda,-8.0553703,-34.8859215,4.5,3
553,Vasconcelos Bistrô e Café,-8.0478401,-34.8891907,4.5,3
554,Igarassu,-8.0542775,-34.8812561,4.5,2
555,Restaurante Acafrao,-8.05443,-34.8880692,4.5,3
556,Sansa,-8.062973,-34.87236,4.5,8
557,Downtown Pub,-8.0639,-34.8724599,4.5,11
558,Paço do Frevo,-8.06154,-34.87092,4.5,7
559,Torre Malakoff,-8.06015249140342,-34.8711306772461,5.0,6
560,Sinagoga Kahal Zur Israel,-8.0619001,-34.8713608,4.5,7
561,Apolo Beer Café,-8.0612497,-34.872139,5.0,4
562,Bar Burburinho,-8.0640259,-34.8724022,4.5,6
563,Bar Central,-8.05779312123268,-34.880135199701,4.0,17
564,Caravela's,-8.0620203,-34.8714104,5.0,4
565,Seu Boteco,-8.063757,-34.871309,4.5,7
566,Feirinha do Bom Jesus,-8.0621405,-34.8713989,4.5,5
567,As Galerias,-8.0612999,-34.87173,4.5,5
568,Cais do Sertão,-8.060006,-34.869925,4.5,5
569,Praça da República,-8.0613403,-34.8777199,5.0,5
570,Cioccolatte Gelateria,-8.0549221,-34.869442,5.0,4
571,Praça do Marco Zero,-8.06301333046358,-34.8712680653359,4.5,4
572,Rock & Ribs,-8.0586004,-34.8696785,4.5,4
573,Bar Teatro Mamulengo,-8.0610504,-34.8716393,4.0,5
574,São Braz Café,-8.0643997,-34.8738785,4.5,3
575,Parque de Esculturas Francisco Brennand,-8.06360159193182,-34.868788326062,4.5,4
576,Bar Central,-8.05779312123268,-34.880135199701,4.0,17
577,Parque 13 de Maio,-8.0569096,-34.8833885,4.5,8
578,Torre Malakoff,-8.06015249140342,-34.8711306772461,5.0,6
579,Restaurante Puxinanã,-8.0576601,-34.8803291,4.5,5
580,Paço do Frevo,-8.06154,-34.87092,4.5,7
581,Praça da República,-8.0613403,-34.8777199,5.0,5
582,Sansa,-8.062973,-34.87236,4.5,8
583,Galeria Café Castro Alves,-8.0533199,-34.8791199,4.5,5
584,Sinagoga Kahal Zur Israel,-8.0619001,-34.8713608,4.5,7
585,Apolo Beer Café,-8.0612497,-34.872139,5.0,4
586,Downtown Pub,-8.0639,-34.8724599,4.5,11
587,Espaço Muda,-8.0533199,-34.8791199,4.5,3
588,Cais do Sertão,-8.060006,-34.869925,4.5,5
589,Restaurante Capitão Lima,-8.0541897,-34.8778,4.0,4
590,Caravela's,-8.0620203,-34.8714104,5.0,4
591,Bar Burburinho,-8.0640259,-34.8724022,4.5,6
592,As Galerias,-8.0612999,-34.87173,4.5,5
593,Itapissuma,-8.0542775,-34.8812561,5.0,2
594,Frontal Ponto de Encontro,-8.0578604,-34.8801994,3.5,5
595,Feirinha do Bom Jesus,-8.0621405,-34.8713989,4.5,5
596,Empório Sertanejo,-8.0423002,-34.8914108,4.5,12
597,O Rei das Coxinhas,-8.0443096,-34.894249,4.5,11
598,China 48,-8.0403204,-34.8926697,4.5,5
599,Dalena,-8.0476161,-34.897091,4.5,9
600,Chiwake,-8.0479241,-34.8954469,5.0,5
601,ZEN,-8.04413390541109,-34.8928966601909,3.5,13
602,Via Paladar,-8.04317,-34.893261,5.0,3
603,Winner Sports Bar,-8.0473804,-34.8937912,4.5,5
604,Com.Pão,-8.0415697,-34.8981781,5.0,4
605,Papaya Verde,-8.0454302,-34.8928795,4.5,4
606,Panificadora e Confeitaria Espinheiro,-8.0422497,-34.8923988,4.5,3
607,Restaurante Amarelo Manga,-8.0437498,-34.8926811,4.5,3
608,Pão de Açúcar,-8.0460616,-34.8972255,4.5,6
609,Bodega do Futuro,-8.0427656,-34.8987312,4.0,7
610,Confraria,-8.034333,-34.890739,4.5,6
611,Buca Trattoria,-8.0451803,-34.8933601,4.5,3
612,Cachaçaria Tradição,-8.0449434,-34.8997402,4.5,5
613,DaHora Restaurante e Pizzaria,-8.0451899,-34.8937683,4.5,3
614,Terracio Restaurante,-8.0439501,-34.8928909,5.0,2
615,Tay San Yuen,-8.04145816406097,-34.8938260227442,4.5,3
616,Parraxaxá,-8.038119,-34.911863,4.5,14
617,Ponto do Açaí,-8.0370197,-34.9015884,4.5,7
618,Bar do Neno e Lula,-8.0328199,-34.90963,4.5,5
619,Parque da Jaqueira,-8.0373402,-34.9030304,5.0,4
620,Recanto Paraibano,-8.03479180944101,-34.9119366114309,4.0,7
621,Canela Gastrobar,-8.0345201,-34.8987999,4.5,5
622,Portal da Picanha,-8.03527,-34.899235,4.0,9
623,Mutti Capriccio,-8.03706,-34.91138,4.0,7
624,Famiglia Lucco Pizzas,-8.0320997,-34.913681,4.0,6
625,Texanno's,-8.035727,-34.908796,4.0,6
626,Pizzaria Candelabro,-8.0279684,-34.9118652,4.5,4
627,Pan Jovem Jaqueira,-8.0355101,-34.9022598,4.5,3
628,Le Olive Pizzeria,-8.0349102,-34.9014511,4.5,3
629,Guaiamum Gigante,-8.0362701,-34.9102783,3.5,7
630,Kwai Burger,-8.03809,-34.90225,4.5,4
631,Sítio Trindade,-8.02981610254743,-34.9123603915405,4.5,3
632,O Rei da Picanha,-8.0244981,-34.9104218,3.5,5
633,Sabor do Doce,-8.0267601,-34.9048615,4.0,3
634,Yantai Express,-8.0325499,-34.9041481,3.0,6
635,Oma Pâtisserie e Bistrô,-8.0279455,-34.8995438,4.5,3
636,La Pecora Nera,-8.0493145,-34.9118423,5.0,5
637,Vaporetto Container Bar,-8.04002102272508,-34.9127634242177,4.5,9
638,Itiban,-8.05032177998383,-34.9074477873834,4.0,11
639,Vovó Nice,-8.04529,-34.9072304,5.0,4
640,Parque Santana,-8.0061598,-34.9272308,5.0,4
641,Dobradinha do Gordo,-8.045796,-34.907201,4.5,5
642,Torre Massas,-8.0437202,-34.9105186,5.0,3
643,Panificadora Nova Armada,-8.04610186521047,-34.9070861935616,4.0,6
644,Delicia da Prazeres,-8.05186,-34.91823,4.5,3
645,Bar do Ao Seu Dispor,-8.04184,-34.90811,3.5,7
646,Recife Cocos,-8.0084925,-34.9365158,5.0,3
647,Di Branco Recepções,-8.0474701,-34.9085503,4.5,3
648,Speciale Pizzas Artesanais,-8.04589,-34.90691,3.5,6
649,Carlitos Burguer,-8.04387,-34.9092,3.5,7
650,Bar do Agenor,-8.0482397,-34.9145012,3.5,3
651,Irajá,-8.04653,-34.91092,4.0,3
652,Pizzaria La Cuca,-8.0436697,-34.9093018,4.5,3
653,Santa Pizza,-8.0421658,-34.9084854,4.0,4
654,Nova Torre,-8.0422916,-34.9098015,5.0,2
655,Confraria do Sanduba,-8.04762,-34.90904,3.5,5
656,Empório Sertanejo,-8.0423002,-34.8914108,4.5,12
657,O Rei das Coxinhas,-8.0443096,-34.894249,4.5,11
658,Dalena,-8.0476161,-34.897091,4.5,9
659,Chiwake,-8.0479241,-34.8954469,5.0,5
660,ZEN,-8.04413390541109,-34.8928966601909,3.5,13
661,Winner Sports Bar,-8.0473804,-34.8937912,4.5,5
662,China 48,-8.0403204,-34.8926697,4.5,5
663,Papaya Verde,-8.0454302,-34.8928795,4.5,4
664,Via Paladar,-8.04317,-34.893261,5.0,3
665,Com.Pão,-8.0415697,-34.8981781,5.0,4
666,Restaurante Amarelo Manga,-8.0437498,-34.8926811,4.5,3
667,Pão de Açúcar,-8.0460616,-34.8972255,4.5,6
668,Buca Trattoria,-8.0451803,-34.8933601,4.5,3
669,Panificadora e Confeitaria Espinheiro,-8.0422497,-34.8923988,4.5,3
670,Bodega do Futuro,-8.0427656,-34.8987312,4.0,7
671,DaHora Restaurante e Pizzaria,-8.0451899,-34.8937683,4.5,3
672,Famiglia Lucco,-8.0474396,-34.8949585,4.5,4
673,Ponte Nova,-8.0465311,-34.8981218,5.0,4
674,Terracio Restaurante,-8.0439501,-34.8928909,5.0,2
675,Na Venda - Chocolates e Cafés,-8.0451899,-34.8985901,5.0,3
676,Bar e Restaurante Marisqueira,-8.0073512,-34.840877,5.0,1
677,Sugoi,-7.9998088,-34.8392563,4.0,1
678,Capitania Forneria & Mar,-7.9952755,-34.838913,5.0,1
679,Sob Medida,-7.99626491926441,-34.8418368672758,1.0,1
680,Spettus Steak House,-8.103658,-34.889275,4.5,17
681,Nikko Japanese Fusion,-8.105029,-34.888829,4.5,7
682,Camarada Camarão,-8.100946254656,-34.8864100361763,4.5,8
683,Entre Amigos Praia,-8.09816842304372,-34.8840141766686,4.0,10
684,Alphaiate,-8.104383,-34.887301,4.5,4
685,Ganache Tortas Finas,-8.1124802,-34.8935699,5.0,3
686,Tomaselli,-8.1029196,-34.8864594,4.5,3
687,Benvinda,-8.10566,-34.889524,4.5,3
688,Mingus,-8.0977966,-34.8847806,5.0,3
689,Casa dos Frios,-8.1062803,-34.8901596,4.5,3
690,Empadas Santa Massa,-8.103817,-34.8866997,4.5,3
691,Wiella Bistrô,-8.1007299,-34.8876114,4.5,3
692,Underground,-8.0970402,-34.8834915,4.0,6
693,Diplomata Delicatessen,-8.1086502,-34.8903008,4.0,4
694,Ça Va Bistrô,-8.0955496,-34.8840408,4.5,4
695,Cakes Doceria,-8.1055498,-34.8895416,4.5,2
696,Italian Freddo,-8.1008997,-34.8865814,4.5,2
697,Chez Wiet Patisserie,-8.1007299,-34.8876114,4.5,2
698,Club du Vin,-8.1055403,-34.8886108,4.0,2
699,Club Bardot,-8.1101398,-34.892849,5.0,2
700,Bar Central,-8.05779312123268,-34.880135199701,4.0,17
701,Parque 13 de Maio,-8.0569096,-34.8833885,4.5,8
702,Empório Sertanejo,-8.0423002,-34.8914108,4.5,12
703,Galeria Café Castro Alves,-8.0533199,-34.8791199,4.5,5
704,Club Miró,-8.0539904,-34.8879318,4.5,5
705,Restaurante Puxinanã,-8.0576601,-34.8803291,4.5,5
706,Bogart Café,-8.0546198,-34.8881798,4.5,5
707,Espaço Muda,-8.0533199,-34.8791199,4.5,3
708,Itapissuma,-8.0542775,-34.8812561,5.0,2
709,São Braz,-8.0543404,-34.8833504,4.5,3
710,Kovacic,-8.0527096,-34.8887444,4.5,3
711,O Vegetariano,-8.05235,-34.8889198,4.5,3
712,Rua do lazer,-8.05469513775016,-34.8873583421417,4.5,4
713,Iraq,-8.0565796,-34.8854599,3.5,6
714,Tapioca da Maria,-8.0531301,-34.8873787,4.5,3
715,Restaurante Capitão Lima,-8.0541897,-34.8778,4.0,4
716,Govinda,-8.0553703,-34.8859215,4.5,3
717,Vasconcelos Bistrô e Café,-8.0478401,-34.8891907,4.5,3
718,Igarassu,-8.0542775,-34.8812561,4.5,2
719,Restaurante Acafrao,-8.05443,-34.8880692,4.5,3
720,Sansa,-8.062973,-34.87236,4.5,8
721,Downtown Pub,-8.0639,-34.8724599,4.5,11
722,Paço do Frevo,-8.06154,-34.87092,4.5,7
723,Torre Malakoff,-8.06015249140342,-34.8711306772461,5.0,6
724,Sinagoga Kahal Zur Israel,-8.0619001,-34.8713608,4.5,7
725,Apolo Beer Café,-8.0612497,-34.872139,5.0,4
726,Bar Burburinho,-8.0640259,-34.8724022,4.5,6
727,Bar Central,-8.05779312123268,-34.880135199701,4.0,17
728,Caravela's,-8.0620203,-34.8714104,5.0,4
729,Seu Boteco,-8.063757,-34.871309,4.5,7
730,Feirinha do Bom Jesus,-8.0621405,-34.8713989,4.5,5
731,As Galerias,-8.0612999,-34.87173,4.5,5
732,Cais do Sertão,-8.060006,-34.869925,4.5,5
733,Praça da República,-8.0613403,-34.8777199,5.0,5
734,Cioccolatte Gelateria,-8.0549221,-34.869442,5.0,4
735,Praça do Marco Zero,-8.06301333046358,-34.8712680653359,4.5,4
736,Rock & Ribs,-8.0586004,-34.8696785,4.5,4
737,Bar Teatro Mamulengo,-8.0610504,-34.8716393,4.0,5
738,São Braz Café,-8.0643997,-34.8738785,4.5,3
739,Parque de Esculturas Francisco Brennand,-8.06360159193182,-34.868788326062,4.5,4
740,Bar Central,-8.05779312123268,-34.880135199701,4.0,17
741,Parque 13 de Maio,-8.0569096,-34.8833885,4.5,8
742,Torre Malakoff,-8.06015249140342,-34.8711306772461,5.0,6
743,Restaurante Puxinanã,-8.0576601,-34.8803291,4.5,5
744,Paço do Frevo,-8.06154,-34.87092,4.5,7
745,Praça da República,-8.0613403,-34.8777199,5.0,5
746,Sansa,-8.062973,-34.87236,4.5,8
747,Galeria Café Castro Alves,-8.0533199,-34.8791199,4.5,5
748,Sinagoga Kahal Zur Israel,-8.0619001,-34.8713608,4.5,7
749,Apolo Beer Café,-8.0612497,-34.872139,5.0,4
750,Downtown Pub,-8.0639,-34.8724599,4.5,11
751,Espaço Muda,-8.0533199,-34.8791199,4.5,3
752,Cais do Sertão,-8.060006,-34.869925,4.5,5
753,Restaurante Capitão Lima,-8.0541897,-34.8778,4.0,4
754,Caravela's,-8.0620203,-34.8714104,5.0,4
755,Bar Burburinho,-8.0640259,-34.8724022,4.5,6
756,As Galerias,-8.0612999,-34.87173,4.5,5
757,Itapissuma,-8.0542775,-34.8812561,5.0,2
758,Frontal Ponto de Encontro,-8.0578604,-34.8801994,3.5,5
759,Feirinha do Bom Jesus,-8.0621405,-34.8713989,4.5,5
760,Empório Sertanejo,-8.0423002,-34.8914108,4.5,12
761,O Rei das Coxinhas,-8.0443096,-34.894249,4.5,11
762,China 48,-8.0403204,-34.8926697,4.5,5
763,Dalena,-8.0476161,-34.897091,4.5,9
764,Chiwake,-8.0479241,-34.8954469,5.0,5
765,ZEN,-8.04413390541109,-34.8928966601909,3.5,13
766,Via Paladar,-8.04317,-34.893261,5.0,3
767,Winner Sports Bar,-8.0473804,-34.8937912,4.5,5
768,Com.Pão,-8.0415697,-34.8981781,5.0,4
769,Papaya Verde,-8.0454302,-34.8928795,4.5,4
770,Panificadora e Confeitaria Espinheiro,-8.0422497,-34.8923988,4.5,3
771,Restaurante Amarelo Manga,-8.0437498,-34.8926811,4.5,3
772,Pão de Açúcar,-8.0460616,-34.8972255,4.5,6
773,Bodega do Futuro,-8.0427656,-34.8987312,4.0,7
774,Confraria,-8.034333,-34.890739,4.5,6
775,Buca Trattoria,-8.0451803,-34.8933601,4.5,3
776,Cachaçaria Tradição,-8.0449434,-34.8997402,4.5,5
777,DaHora Restaurante e Pizzaria,-8.0451899,-34.8937683,4.5,3
778,Terracio Restaurante,-8.0439501,-34.8928909,5.0,2
779,Tay San Yuen,-8.04145816406097,-34.8938260227442,4.5,3
780,Parraxaxá,-8.038119,-34.911863,4.5,14
781,Ponto do Açaí,-8.0370197,-34.9015884,4.5,7
782,Bar do Neno e Lula,-8.0328199,-34.90963,4.5,5
783,Parque da Jaqueira,-8.0373402,-34.9030304,5.0,4
784,Recanto Paraibano,-8.03479180944101,-34.9119366114309,4.0,7
785,Canela Gastrobar,-8.0345201,-34.8987999,4.5,5
786,Portal da Picanha,-8.03527,-34.899235,4.0,9
787,Mutti Capriccio,-8.03706,-34.91138,4.0,7
788,Famiglia Lucco Pizzas,-8.0320997,-34.913681,4.0,6
789,Texanno's,-8.035727,-34.908796,4.0,6
790,Pizzaria Candelabro,-8.0279684,-34.9118652,4.5,4
791,Pan Jovem Jaqueira,-8.0355101,-34.9022598,4.5,3
792,Le Olive Pizzeria,-8.0349102,-34.9014511,4.5,3
793,Guaiamum Gigante,-8.0362701,-34.9102783,3.5,7
794,Kwai Burger,-8.03809,-34.90225,4.5,4
795,Sítio Trindade,-8.02981610254743,-34.9123603915405,4.5,3
796,O Rei da Picanha,-8.0244981,-34.9104218,3.5,5
797,Sabor do Doce,-8.0267601,-34.9048615,4.0,3
798,Yantai Express,-8.0325499,-34.9041481,3.0,6
799,Oma Pâtisserie e Bistrô,-8.0279455,-34.8995438,4.5,3
800,La Pecora Nera,-8.0493145,-34.9118423,5.0,5
801,Vaporetto Container Bar,-8.04002102272508,-34.9127634242177,4.5,9
802,Itiban,-8.05032177998383,-34.9074477873834,4.0,11
803,Vovó Nice,-8.04529,-34.9072304,5.0,4
804,Parque Santana,-8.0061598,-34.9272308,5.0,4
805,Dobradinha do Gordo,-8.045796,-34.907201,4.5,5
806,Torre Massas,-8.0437202,-34.9105186,5.0,3
807,Panificadora Nova Armada,-8.04610186521047,-34.9070861935616,4.0,6
808,Delicia da Prazeres,-8.05186,-34.91823,4.5,3
809,Bar do Ao Seu Dispor,-8.04184,-34.90811,3.5,7
810,Recife Cocos,-8.0084925,-34.9365158,5.0,3
811,Di Branco Recepções,-8.0474701,-34.9085503,4.5,3
812,Speciale Pizzas Artesanais,-8.04589,-34.90691,3.5,6
813,Carlitos Burguer,-8.04387,-34.9092,3.5,7
814,Bar do Agenor,-8.0482397,-34.9145012,3.5,3
815,Irajá,-8.04653,-34.91092,4.0,3
816,Pizzaria La Cuca,-8.0436697,-34.9093018,4.5,3
817,Santa Pizza,-8.0421658,-34.9084854,4.0,4
818,Nova Torre,-8.0422916,-34.9098015,5.0,2
819,Confraria do Sanduba,-8.04762,-34.90904,3.5,5
820,Empório Sertanejo,-8.0423002,-34.8914108,4.5,12
821,O Rei das Coxinhas,-8.0443096,-34.894249,4.5,11
822,Dalena,-8.0476161,-34.897091,4.5,9
823,Chiwake,-8.0479241,-34.8954469,5.0,5
824,ZEN,-8.04413390541109,-34.8928966601909,3.5,13
825,Winner Sports Bar,-8.0473804,-34.8937912,4.5,5
826,China 48,-8.0403204,-34.8926697,4.5,5
827,Papaya Verde,-8.0454302,-34.8928795,4.5,4
828,Via Paladar,-8.04317,-34.893261,5.0,3
829,Com.Pão,-8.0415697,-34.8981781,5.0,4
830,Restaurante Amarelo Manga,-8.0437498,-34.8926811,4.5,3
831,Pão de Açúcar,-8.0460616,-34.8972255,4.5,6
832,Buca Trattoria,-8.0451803,-34.8933601,4.5,3
833,Panificadora e Confeitaria Espinheiro,-8.0422497,-34.8923988,4.5,3
834,Bodega do Futuro,-8.0427656,-34.8987312,4.0,7
835,DaHora Restaurante e Pizzaria,-8.0451899,-34.8937683,4.5,3
836,Famiglia Lucco,-8.0474396,-34.8949585,4.5,4
837,Ponte Nova,-8.0465311,-34.8981218,5.0,4
838,Terracio Restaurante,-8.0439501,-34.8928909,5.0,2
839,Na Venda - Chocolates e Cafés,-8.0451899,-34.8985901,5.0,3
840,Bar e Restaurante Marisqueira,-8.0073512,-34.840877,5.0,1
841,Sugoi,-7.9998088,-34.8392563,4.0,1
842,Capitania Forneria & Mar,-7.9952755,-34.838913,5.0,1
843,Sob Medida,-7.99626491926441,-34.8418368672758,1.0,1
844,Spettus Steak House,-8.103658,-34.889275,4.5,17
845,Nikko Japanese Fusion,-8.105029,-34.888829,4.5,7
846,Camarada Camarão,-8.100946254656,-34.8864100361763,4.5,8
847,Entre Amigos Praia,-8.09816842304372,-34.8840141766686,4.0,10
848,Alphaiate,-8.104383,-34.887301,4.5,4
849,Ganache Tortas Finas,-8.1124802,-34.8935699,5.0,3
850,Tomaselli,-8.1029196,-34.8864594,4.5,3
851,Benvinda,-8.10566,-34.889524,4.5,3
852,Mingus,-8.0977966,-34.8847806,5.0,3
853,Casa dos Frios,-8.1062803,-34.8901596,4.5,3
854,Empadas Santa Massa,-8.103817,-34.8866997,4.5,3
855,Wiella Bistrô,-8.1007299,-34.8876114,4.5,3
856,Underground,-8.0970402,-34.8834915,4.0,6
857,Diplomata Delicatessen,-8.1086502,-34.8903008,4.0,4
858,Ça Va Bistrô,-8.0955496,-34.8840408,4.5,4
859,Cakes Doceria,-8.1055498,-34.8895416,4.5,2
860,Italian Freddo,-8.1008997,-34.8865814,4.5,2
861,Chez Wiet Patisserie,-8.1007299,-34.8876114,4.5,2
862,Club du Vin,-8.1055403,-34.8886108,4.0,2
863,Club Bardot,-8.1101398,-34.892849,5.0,2
864,Bar Central,-8.05779312123268,-34.880135199701,4.0,17
865,Parque 13 de Maio,-8.0569096,-34.8833885,4.5,8
866,Empório Sertanejo,-8.0423002,-34.8914108,4.5,12
867,Galeria Café Castro Alves,-8.0533199,-34.8791199,4.5,5
868,Club Miró,-8.0539904,-34.8879318,4.5,5
869,Restaurante Puxinanã,-8.0576601,-34.8803291,4.5,5
870,Bogart Café,-8.0546198,-34.8881798,4.5,5
871,Espaço Muda,-8.0533199,-34.8791199,4.5,3
872,Itapissuma,-8.0542775,-34.8812561,5.0,2
873,São Braz,-8.0543404,-34.8833504,4.5,3
874,Kovacic,-8.0527096,-34.8887444,4.5,3
875,O Vegetariano,-8.05235,-34.8889198,4.5,3
876,Rua do lazer,-8.05469513775016,-34.8873583421417,4.5,4
877,Iraq,-8.0565796,-34.8854599,3.5,6
878,Tapioca da Maria,-8.0531301,-34.8873787,4.5,3
879,Restaurante Capitão Lima,-8.0541897,-34.8778,4.0,4
880,Govinda,-8.0553703,-34.8859215,4.5,3
881,Vasconcelos Bistrô e Café,-8.0478401,-34.8891907,4.5,3
882,Igarassu,-8.0542775,-34.8812561,4.5,2
883,Restaurante Acafrao,-8.05443,-34.8880692,4.5,3
884,Sansa,-8.062973,-34.87236,4.5,8
885,Downtown Pub,-8.0639,-34.8724599,4.5,11
886,Paço do Frevo,-8.06154,-34.87092,4.5,7
887,Torre Malakoff,-8.06015249140342,-34.8711306772461,5.0,6
888,Sinagoga Kahal Zur Israel,-8.0619001,-34.8713608,4.5,7
889,Apolo Beer Café,-8.0612497,-34.872139,5.0,4
890,Bar Burburinho,-8.0640259,-34.8724022,4.5,6
891,Bar Central,-8.05779312123268,-34.880135199701,4.0,17
892,Caravela's,-8.0620203,-34.8714104,5.0,4
893,Seu Boteco,-8.063757,-34.871309,4.5,7
894,Feirinha do Bom Jesus,-8.0621405,-34.8713989,4.5,5
895,As Galerias,-8.0612999,-34.87173,4.5,5
896,Cais do Sertão,-8.060006,-34.869925,4.5,5
897,Praça da República,-8.0613403,-34.8777199,5.0,5
898,Cioccolatte Gelateria,-8.0549221,-34.869442,5.0,4
899,Praça do Marco Zero,-8.06301333046358,-34.8712680653359,4.5,4
900,Rock & Ribs,-8.0586004,-34.8696785,4.5,4
901,Bar Teatro Mamulengo,-8.0610504,-34.8716393,4.0,5
902,São Braz Café,-8.0643997,-34.8738785,4.5,3
903,Parque de Esculturas Francisco Brennand,-8.06360159193182,-34.868788326062,4.5,4
904,Bar Central,-8.05779312123268,-34.880135199701,4.0,17
905,Parque 13 de Maio,-8.0569096,-34.8833885,4.5,8
906,Torre Malakoff,-8.06015249140342,-34.8711306772461,5.0,6
907,Restaurante Puxinanã,-8.0576601,-34.8803291,4.5,5
908,Paço do Frevo,-8.06154,-34.87092,4.5,7
909,Praça da República,-8.0613403,-34.8777199,5.0,5
910,Sansa,-8.062973,-34.87236,4.5,8
911,Galeria Café Castro Alves,-8.0533199,-34.8791199,4.5,5
912,Sinagoga Kahal Zur Israel,-8.0619001,-34.8713608,4.5,7
913,Apolo Beer Café,-8.0612497,-34.872139,5.0,4
914,Downtown Pub,-8.0639,-34.8724599,4.5,11
915,Espaço Muda,-8.0533199,-34.8791199,4.5,3
916,Cais do Sertão,-8.060006,-34.869925,4.5,5
917,Restaurante Capitão Lima,-8.0541897,-34.8778,4.0,4
918,Caravela's,-8.0620203,-34.8714104,5.0,4
919,Bar Burburinho,-8.0640259,-34.8724022,4.5,6
920,As Galerias,-8.0612999,-34.87173,4.5,5
921,Itapissuma,-8.0542775,-34.8812561,5.0,2
922,Frontal Ponto de Encontro,-8.0578604,-34.8801994,3.5,5
923,Feirinha do Bom Jesus,-8.0621405,-34.8713989,4.5,5
924,Empório Sertanejo,-8.0423002,-34.8914108,4.5,12
925,O Rei das Coxinhas,-8.0443096,-34.894249,4.5,11
926,China 48,-8.0403204,-34.8926697,4.5,5
927,Dalena,-8.0476161,-34.897091,4.5,9
928,Chiwake,-8.0479241,-34.8954469,5.0,5
929,ZEN,-8.04413390541109,-34.8928966601909,3.5,13
930,Via Paladar,-8.04317,-34.893261,5.0,3
931,Winner Sports Bar,-8.0473804,-34.8937912,4.5,5
932,Com.Pão,-8.0415697,-34.8981781,5.0,4
933,Papaya Verde,-8.0454302,-34.8928795,4.5,4
934,Panificadora e Confeitaria Espinheiro,-8.0422497,-34.8923988,4.5,3
935,Restaurante Amarelo Manga,-8.0437498,-34.8926811,4.5,3
936,Pão de Açúcar,-8.0460616,-34.8972255,4.5,6
937,Bodega do Futuro,-8.0427656,-34.8987312,4.0,7
938,Confraria,-8.034333,-34.890739,4.5,6
939,Buca Trattoria,-8.0451803,-34.8933601,4.5,3
940,Cachaçaria Tradição,-8.0449434,-34.8997402,4.5,5
941,DaHora Restaurante e Pizzaria,-8.0451899,-34.8937683,4.5,3
942,Terracio Restaurante,-8.0439501,-34.8928909,5.0,2
943,Tay San Yuen,-8.04145816406097,-34.8938260227442,4.5,3
944,Parraxaxá,-8.038119,-34.911863,4.5,14
945,Ponto do Açaí,-8.0370197,-34.9015884,4.5,7
946,Bar do Neno e Lula,-8.0328199,-34.90963,4.5,5
947,Parque da Jaqueira,-8.0373402,-34.9030304,5.0,4
948,Recanto Paraibano,-8.03479180944101,-34.9119366114309,4.0,7
949,Canela Gastrobar,-8.0345201,-34.8987999,4.5,5
950,Portal da Picanha,-8.03527,-34.899235,4.0,9
951,Mutti Capriccio,-8.03706,-34.91138,4.0,7
952,Famiglia Lucco Pizzas,-8.0320997,-34.913681,4.0,6
953,Texanno's,-8.035727,-34.908796,4.0,6
954,Pizzaria Candelabro,-8.0279684,-34.9118652,4.5,4
955,Pan Jovem Jaqueira,-8.0355101,-34.9022598,4.5,3
956,Le Olive Pizzeria,-8.0349102,-34.9014511,4.5,3
957,Guaiamum Gigante,-8.0362701,-34.9102783,3.5,7
958,Kwai Burger,-8.03809,-34.90225,4.5,4
959,Sítio Trindade,-8.02981610254743,-34.9123603915405,4.5,3
960,O Rei da Picanha,-8.0244981,-34.9104218,3.5,5
961,Sabor do Doce,-8.0267601,-34.9048615,4.0,3
962,Yantai Express,-8.0325499,-34.9041481,3.0,6
963,Oma Pâtisserie e Bistrô,-8.0279455,-34.8995438,4.5,3
964,La Pecora Nera,-8.0493145,-34.9118423,5.0,5
965,Vaporetto Container Bar,-8.04002102272508,-34.9127634242177,4.5,9
966,Itiban,-8.05032177998383,-34.9074477873834,4.0,11
967,Vovó Nice,-8.04529,-34.9072304,5.0,4
968,Parque Santana,-8.0061598,-34.9272308,5.0,4
969,Dobradinha do Gordo,-8.045796,-34.907201,4.5,5
970,Torre Massas,-8.0437202,-34.9105186,5.0,3
971,Panificadora Nova Armada,-8.04610186521047,-34.9070861935616,4.0,6
972,Delicia da Prazeres,-8.05186,-34.91823,4.5,3
973,Bar do Ao Seu Dispor,-8.04184,-34.90811,3.5,7
974,Recife Cocos,-8.0084925,-34.9365158,5.0,3
975,Di Branco Recepções,-8.0474701,-34.9085503,4.5,3
976,Speciale Pizzas Artesanais,-8.04589,-34.90691,3.5,6
977,Carlitos Burguer,-8.04387,-34.9092,3.5,7
978,Bar do Agenor,-8.0482397,-34.9145012,3.5,3
979,Irajá,-8.04653,-34.91092,4.0,3
980,Pizzaria La Cuca,-8.0436697,-34.9093018,4.5,3
981,Santa Pizza,-8.0421658,-34.9084854,4.0,4
982,Nova Torre,-8.0422916,-34.9098015,5.0,2
983,Confraria do Sanduba,-8.04762,-34.90904,3.5,5
984,Empório Sertanejo,-8.0423002,-34.8914108,4.5,12
985,O Rei das Coxinhas,-8.0443096,-34.894249,4.5,11
986,Dalena,-8.0476161,-34.897091,4.5,9
987,Chiwake,-8.0479241,-34.8954469,5.0,5
988,ZEN,-8.04413390541109,-34.8928966601909,3.5,13
989,Winner Sports Bar,-8.0473804,-34.8937912,4.5,5
990,China 48,-8.0403204,-34.8926697,4.5,5
991,Papaya Verde,-8.0454302,-34.8928795,4.5,4
992,Via Paladar,-8.04317,-34.893261,5.0,3
993,Com.Pão,-8.0415697,-34.8981781,5.0,4
994,Restaurante Amarelo Manga,-8.0437498,-34.8926811,4.5,3
995,Pão de Açúcar,-8.0460616,-34.8972255,4.5,6
996,Buca Trattoria,-8.0451803,-34.8933601,4.5,3
997,Panificadora e Confeitaria Espinheiro,-8.0422497,-34.8923988,4.5,3
998,Bodega do Futuro,-8.0427656,-34.8987312,4.0,7
999,DaHora Restaurante e Pizzaria,-8.0451899,-34.8937683,4.5,3
1000,Famiglia Lucco,-8.0474396,-34.8949585,4.5,4
1001,Ponte Nova,-8.0465311,-34.8981218,5.0,4
1002,Terracio Restaurante,-8.0439501,-34.8928909,5.0,2
1003,Na Venda - Chocolates e Cafés,-8.0451899,-34.8985901,5.0,3
1004,Bar e Restaurante Marisqueira,-8.0073512,-34.840877,5.0,1
1005,Sugoi,-7.9998088,-34.8392563,4.0,1
1006,Capitania Forneria & Mar,-7.9952755,-34.838913,5.0,1
1007,Sob Medida,-7.99626491926441,-34.8418368672758,1.0,1
1008,Spettus Steak House,-8.103658,-34.889275,4.5,17
1009,Nikko Japanese Fusion,-8.105029,-34.888829,4.5,7
1010,Camarada Camarão,-8.100946254656,-34.8864100361763,4.5,8
1011,Entre Amigos Praia,-8.09816842304372,-34.8840141766686,4.0,10
1012,Alphaiate,-8.104383,-34.887301,4.5,4
1013,Ganache Tortas Finas,-8.1124802,-34.8935699,5.0,3
1014,Tomaselli,-8.1029196,-34.8864594,4.5,3
1015,Benvinda,-8.10566,-34.889524,4.5,3
1016,Mingus,-8.0977966,-34.8847806,5.0,3
1017,Casa dos Frios,-8.1062803,-34.8901596,4.5,3
1018,Empadas Santa Massa,-8.103817,-34.8866997,4.5,3
1019,Wiella Bistrô,-8.1007299,-34.8876114,4.5,3
1020,Underground,-8.0970402,-34.8834915,4.0,6
1021,Diplomata Delicatessen,-8.1086502,-34.8903008,4.0,4
1022,Ça Va Bistrô,-8.0955496,-34.8840408,4.5,4
1023,Cakes Doceria,-8.1055498,-34.8895416,4.5,2
1024,Italian Freddo,-8.1008997,-34.8865814,4.5,2
1025,Chez Wiet Patisserie,-8.1007299,-34.8876114,4.5,2
1026,Club du Vin,-8.1055403,-34.8886108,4.0,2
1027,Club Bardot,-8.1101398,-34.892849,5.0,2
1028,Bar Central,-8.05779312123268,-34.880135199701,4.0,17
1029,Parque 13 de Maio,-8.0569096,-34.8833885,4.5,8
1030,Empório Sertanejo,-8.0423002,-34.8914108,4.5,12
1031,Galeria Café Castro Alves,-8.0533199,-34.8791199,4.5,5
1032,Club Miró,-8.0539904,-34.8879318,4.5,5
1033,Restaurante Puxinanã,-8.0576601,-34.8803291,4.5,5
1034,Bogart Café,-8.0546198,-34.8881798,4.5,5
1035,Espaço Muda,-8.0533199,-34.8791199,4.5,3
1036,Itapissuma,-8.0542775,-34.8812561,5.0,2
1037,São Braz,-8.0543404,-34.8833504,4.5,3
1038,Kovacic,-8.0527096,-34.8887444,4.5,3
1039,O Vegetariano,-8.05235,-34.8889198,4.5,3
1040,Rua do lazer,-8.05469513775016,-34.8873583421417,4.5,4
1041,Iraq,-8.0565796,-34.8854599,3.5,6
1042,Tapioca da Maria,-8.0531301,-34.8873787,4.5,3
1043,Restaurante Capitão Lima,-8.0541897,-34.8778,4.0,4
1044,Govinda,-8.0553703,-34.8859215,4.5,3
1045,Vasconcelos Bistrô e Café,-8.0478401,-34.8891907,4.5,3
1046,Igarassu,-8.0542775,-34.8812561,4.5,2
1047,Restaurante Acafrao,-8.05443,-34.8880692,4.5,3
1048,Sansa,-8.062973,-34.87236,4.5,8
1049,Downtown Pub,-8.0639,-34.8724599,4.5,11
1050,Paço do Frevo,-8.06154,-34.87092,4.5,7
1051,Torre Malakoff,-8.06015249140342,-34.8711306772461,5.0,6
1052,Sinagoga Kahal Zur Israel,-8.0619001,-34.8713608,4.5,7
1053,Apolo Beer Café,-8.0612497,-34.872139,5.0,4
1054,Bar Burburinho,-8.0640259,-34.8724022,4.5,6
1055,Bar Central,-8.05779312123268,-34.880135199701,4.0,17
1056,Caravela's,-8.0620203,-34.8714104,5.0,4
1057,Seu Boteco,-8.063757,-34.871309,4.5,7
1058,Feirinha do Bom Jesus,-8.0621405,-34.8713989,4.5,5
1059,As Galerias,-8.0612999,-34.87173,4.5,5
1060,Cais do Sertão,-8.060006,-34.869925,4.5,5
1061,Praça da República,-8.0613403,-34.8777199,5.0,5
1062,Cioccolatte Gelateria,-8.0549221,-34.869442,5.0,4
1063,Praça do Marco Zero,-8.06301333046358,-34.8712680653359,4.5,4
1064,Rock & Ribs,-8.0586004,-34.8696785,4.5,4
1065,Bar Teatro Mamulengo,-8.0610504,-34.8716393,4.0,5
1066,São Braz Café,-8.0643997,-34.8738785,4.5,3
1067,Parque de Esculturas Francisco Brennand,-8.06360159193182,-34.868788326062,4.5,4
1068,Bar Central,-8.05779312123268,-34.880135199701,4.0,17
1069,Parque 13 de Maio,-8.0569096,-34.8833885,4.5,8
1070,Torre Malakoff,-8.06015249140342,-34.8711306772461,5.0,6
1071,Restaurante Puxinanã,-8.0576601,-34.8803291,4.5,5
1072,Paço do Frevo,-8.06154,-34.87092,4.5,7
1073,Praça da República,-8.0613403,-34.8777199,5.0,5
1074,Sansa,-8.062973,-34.87236,4.5,8
1075,Galeria Café Castro Alves,-8.0533199,-34.8791199,4.5,5
1076,Sinagoga Kahal Zur Israel,-8.0619001,-34.8713608,4.5,7
1077,Apolo Beer Café,-8.0612497,-34.872139,5.0,4
1078,Downtown Pub,-8.0639,-34.8724599,4.5,11
1079,Espaço Muda,-8.0533199,-34.8791199,4.5,3
1080,Cais do Sertão,-8.060006,-34.869925,4.5,5
1081,Restaurante Capitão Lima,-8.0541897,-34.8778,4.0,4
1082,Caravela's,-8.0620203,-34.8714104,5.0,4
1083,Bar Burburinho,-8.0640259,-34.8724022,4.5,6
1084,As Galerias,-8.0612999,-34.87173,4.5,5
1085,Itapissuma,-8.0542775,-34.8812561,5.0,2
1086,Frontal Ponto de Encontro,-8.0578604,-34.8801994,3.5,5
1087,Feirinha do Bom Jesus,-8.0621405,-34.8713989,4.5,5
1088,Empório Sertanejo,-8.0423002,-34.8914108,4.5,12
1089,O Rei das Coxinhas,-8.0443096,-34.894249,4.5,11
1090,China 48,-8.0403204,-34.8926697,4.5,5
1091,Dalena,-8.0476161,-34.897091,4.5,9
1092,Chiwake,-8.0479241,-34.8954469,5.0,5
1093,ZEN,-8.04413390541109,-34.8928966601909,3.5,13
1094,Via Paladar,-8.04317,-34.893261,5.0,3
1095,Winner Sports Bar,-8.0473804,-34.8937912,4.5,5
1096,Com.Pão,-8.0415697,-34.8981781,5.0,4
1097,Papaya Verde,-8.0454302,-34.8928795,4.5,4
1098,Panificadora e Confeitaria Espinheiro,-8.0422497,-34.8923988,4.5,3
1099,Restaurante Amarelo Manga,-8.0437498,-34.8926811,4.5,3
1100,Pão de Açúcar,-8.0460616,-34.8972255,4.5,6
1101,Bodega do Futuro,-8.0427656,-34.8987312,4.0,7
1102,Confraria,-8.034333,-34.890739,4.5,6
1103,Buca Trattoria,-8.0451803,-34.8933601,4.5,3
1104,Cachaçaria Tradição,-8.0449434,-34.8997402,4.5,5
1105,DaHora Restaurante e Pizzaria,-8.0451899,-34.8937683,4.5,3
1106,Terracio Restaurante,-8.0439501,-34.8928909,5.0,2
1107,Tay San Yuen,-8.04145816406097,-34.8938260227442,4.5,3
1108,Parraxaxá,-8.038119,-34.911863,4.5,14
1109,Ponto do Açaí,-8.0370197,-34.9015884,4.5,7
1110,Bar do Neno e Lula,-8.0328199,-34.90963,4.5,5
1111,Parque da Jaqueira,-8.0373402,-34.9030304,5.0,4
1112,Recanto Paraibano,-8.03479180944101,-34.9119366114309,4.0,7
1113,Canela Gastrobar,-8.0345201,-34.8987999,4.5,5
1114,Portal da Picanha,-8.03527,-34.899235,4.0,9
1115,Mutti Capriccio,-8.03706,-34.91138,4.0,7
1116,Famiglia Lucco Pizzas,-8.0320997,-34.913681,4.0,6
1117,Texanno's,-8.035727,-34.908796,4.0,6
1118,Pizzaria Candelabro,-8.0279684,-34.9118652,4.5,4
1119,Pan Jovem Jaqueira,-8.0355101,-34.9022598,4.5,3
1120,Le Olive Pizzeria,-8.0349102,-34.9014511,4.5,3
1121,Guaiamum Gigante,-8.0362701,-34.9102783,3.5,7
1122,Kwai Burger,-8.03809,-34.90225,4.5,4
1123,Sítio Trindade,-8.02981610254743,-34.9123603915405,4.5,3
1124,O Rei da Picanha,-8.0244981,-34.9104218,3.5,5
1125,Sabor do Doce,-8.0267601,-34.9048615,4.0,3
1126,Yantai Express,-8.0325499,-34.9041481,3.0,6
1127,Oma Pâtisserie e Bistrô,-8.0279455,-34.8995438,4.5,3
1128,La Pecora Nera,-8.0493145,-34.9118423,5.0,5
1129,Vaporetto Container Bar,-8.04002102272508,-34.9127634242177,4.5,9
1130,Itiban,-8.05032177998383,-34.9074477873834,4.0,11
1131,Vovó Nice,-8.04529,-34.9072304,5.0,4
1132,Parque Santana,-8.0061598,-34.9272308,5.0,4
1133,Dobradinha do Gordo,-8.045796,-34.907201,4.5,5
1134,Torre Massas,-8.0437202,-34.9105186,5.0,3
1135,Panificadora Nova Armada,-8.04610186521047,-34.9070861935616,4.0,6
1136,Delicia da Prazeres,-8.05186,-34.91823,4.5,3
1137,Bar do Ao Seu Dispor,-8.04184,-34.90811,3.5,7
1138,Recife Cocos,-8.0084925,-34.9365158,5.0,3
1139,Di Branco Recepções,-8.0474701,-34.9085503,4.5,3
1140,Speciale Pizzas Artesanais,-8.04589,-34.90691,3.5,6
1141,Carlitos Burguer,-8.04387,-34.9092,3.5,7
1142,Bar do Agenor,-8.0482397,-34.9145012,3.5,3
1143,Irajá,-8.04653,-34.91092,4.0,3
1144,Pizzaria La Cuca,-8.0436697,-34.9093018,4.5,3
1145,Santa Pizza,-8.0421658,-34.9084854,4.0,4
1146,Nova Torre,-8.0422916,-34.9098015,5.0,2
1147,Confraria do Sanduba,-8.04762,-34.90904,3.5,5
1148,Empório Sertanejo,-8.0423002,-34.8914108,4.5,12
1149,O Rei das Coxinhas,-8.0443096,-34.894249,4.5,11
1150,Dalena,-8.0476161,-34.897091,4.5,9
1151,Chiwake,-8.0479241,-34.8954469,5.0,5
1152,ZEN,-8.04413390541109,-34.8928966601909,3.5,13
1153,Winner Sports Bar,-8.0473804,-34.8937912,4.5,5
1154,China 48,-8.0403204,-34.8926697,4.5,5
1155,Papaya Verde,-8.0454302,-34.8928795,4.5,4
1156,Via Paladar,-8.04317,-34.893261,5.0,3
1157,Com.Pão,-8.0415697,-34.8981781,5.0,4
1158,Restaurante Amarelo Manga,-8.0437498,-34.8926811,4.5,3
1159,Pão de Açúcar,-8.0460616,-34.8972255,4.5,6
1160,Buca Trattoria,-8.0451803,-34.8933601,4.5,3
1161,Panificadora e Confeitaria Espinheiro,-8.0422497,-34.8923988,4.5,3
1162,Bodega do Futuro,-8.0427656,-34.8987312,4.0,7
1163,DaHora Restaurante e Pizzaria,-8.0451899,-34.8937683,4.5,3
1164,Famiglia Lucco,-8.0474396,-34.8949585,4.5,4
1165,Ponte Nova,-8.0465311,-34.8981218,5.0,4
1166,Terracio Restaurante,-8.0439501,-34.8928909,5.0,2
1167,Na Venda - Chocolates e Cafés,-8.0451899,-34.8985901,5.0,3
1168,Bar e Restaurante Marisqueira,-8.0073512,-34.840877,5.0,1
1169,Sugoi,-7.9998088,-34.8392563,4.0,1
1170,Capitania Forneria & Mar,-7.9952755,-34.838913,5.0,1
1171,Sob Medida,-7.99626491926441,-34.8418368672758,1.0,1
1172,Spettus Steak House,-8.103658,-34.889275,4.5,17
1173,Nikko Japanese Fusion,-8.105029,-34.888829,4.5,7
1174,Camarada Camarão,-8.100946254656,-34.8864100361763,4.5,8
1175,Entre Amigos Praia,-8.09816842304372,-34.8840141766686,4.0,10
1176,Alphaiate,-8.104383,-34.887301,4.5,4
1177,Ganache Tortas Finas,-8.1124802,-34.8935699,5.0,3
1178,Tomaselli,-8.1029196,-34.8864594,4.5,3
1179,Benvinda,-8.10566,-34.889524,4.5,3
1180,Mingus,-8.0977966,-34.8847806,5.0,3
1181,Casa dos Frios,-8.1062803,-34.8901596,4.5,3
1182,Empadas Santa Massa,-8.103817,-34.8866997,4.5,3
1183,Wiella Bistrô,-8.1007299,-34.8876114,4.5,3
1184,Underground,-8.0970402,-34.8834915,4.0,6
1185,Diplomata Delicatessen,-8.1086502,-34.8903008,4.0,4
1186,Ça Va Bistrô,-8.0955496,-34.8840408,4.5,4
1187,Cakes Doceria,-8.1055498,-34.8895416,4.5,2
1188,Italian Freddo,-8.1008997,-34.8865814,4.5,2
1189,Chez Wiet Patisserie,-8.1007299,-34.8876114,4.5,2
1190,Club du Vin,-8.1055403,-34.8886108,4.0,2
1191,Club Bardot,-8.1101398,-34.892849,5.0,2
1192,Bar Central,-8.05779312123268,-34.880135199701,4.0,17
1193,Parque 13 de Maio,-8.0569096,-34.8833885,4.5,8
1194,Empório Sertanejo,-8.0423002,-34.8914108,4.5,12
1195,Galeria Café Castro Alves,-8.0533199,-34.8791199,4.5,5
1196,Club Miró,-8.0539904,-34.8879318,4.5,5
1197,Restaurante Puxinanã,-8.0576601,-34.8803291,4.5,5
1198,Bogart Café,-8.0546198,-34.8881798,4.5,5
1199,Espaço Muda,-8.0533199,-34.8791199,4.5,3
1200,Itapissuma,-8.0542775,-34.8812561,5.0,2
1201,São Braz,-8.0543404,-34.8833504,4.5,3
1202,Kovacic,-8.0527096,-34.8887444,4.5,3
1203,O Vegetariano,-8.05235,-34.8889198,4.5,3
1204,Rua do lazer,-8.05469513775016,-34.8873583421417,4.5,4
1205,Iraq,-8.0565796,-34.8854599,3.5,6
1206,Tapioca da Maria,-8.0531301,-34.8873787,4.5,3
1207,Restaurante Capitão Lima,-8.0541897,-34.8778,4.0,4
1208,Govinda,-8.0553703,-34.8859215,4.5,3
1209,Vasconcelos Bistrô e Café,-8.0478401,-34.8891907,4.5,3
1210,Igarassu,-8.0542775,-34.8812561,4.5,2
1211,Restaurante Acafrao,-8.05443,-34.8880692,4.5,3
1212,Sansa,-8.062973,-34.87236,4.5,8
1213,Downtown Pub,-8.0639,-34.8724599,4.5,11
1214,Paço do Frevo,-8.06154,-34.87092,4.5,7
1215,Torre Malakoff,-8.06015249140342,-34.8711306772461,5.0,6
1216,Sinagoga Kahal Zur Israel,-8.0619001,-34.8713608,4.5,7
1217,Apolo Beer Café,-8.0612497,-34.872139,5.0,4
1218,Bar Burburinho,-8.0640259,-34.8724022,4.5,6
1219,Bar Central,-8.05779312123268,-34.880135199701,4.0,17
1220,Caravela's,-8.0620203,-34.8714104,5.0,4
1221,Seu Boteco,-8.063757,-34.871309,4.5,7
1222,Feirinha do Bom Jesus,-8.0621405,-34.8713989,4.5,5
1223,As Galerias,-8.0612999,-34.87173,4.5,5
1224,Cais do Sertão,-8.060006,-34.869925,4.5,5
1225,Praça da República,-8.0613403,-34.8777199,5.0,5
1226,Cioccolatte Gelateria,-8.0549221,-34.869442,5.0,4
1227,Praça do Marco Zero,-8.06301333046358,-34.8712680653359,4.5,4
1228,Rock & Ribs,-8.0586004,-34.8696785,4.5,4
1229,Bar Teatro Mamulengo,-8.0610504,-34.8716393,4.0,5
1230,São Braz Café,-8.0643997,-34.8738785,4.5,3
1231,Parque de Esculturas Francisco Brennand,-8.06360159193182,-34.868788326062,4.5,4
1232,Bar Central,-8.05779312123268,-34.880135199701,4.0,17
1233,Parque 13 de Maio,-8.0569096,-34.8833885,4.5,8
1234,Torre Malakoff,-8.06015249140342,-34.8711306772461,5.0,6
1235,Restaurante Puxinanã,-8.0576601,-34.8803291,4.5,5
1236,Paço do Frevo,-8.06154,-34.87092,4.5,7
1237,Praça da República,-8.0613403,-34.8777199,5.0,5
1238,Sansa,-8.062973,-34.87236,4.5,8
1239,Galeria Café Castro Alves,-8.0533199,-34.8791199,4.5,5
1240,Sinagoga Kahal Zur Israel,-8.0619001,-34.8713608,4.5,7
1241,Apolo Beer Café,-8.0612497,-34.872139,5.0,4
1242,Downtown Pub,-8.0639,-34.8724599,4.5,11
1243,Espaço Muda,-8.0533199,-34.8791199,4.5,3
1244,Cais do Sertão,-8.060006,-34.869925,4.5,5
1245,Restaurante Capitão Lima,-8.0541897,-34.8778,4.0,4
1246,Caravela's,-8.0620203,-34.8714104,5.0,4
1247,Bar Burburinho,-8.0640259,-34.8724022,4.5,6
1248,As Galerias,-8.0612999,-34.87173,4.5,5
1249,Itapissuma,-8.0542775,-34.8812561,5.0,2
1250,Frontal Ponto de Encontro,-8.0578604,-34.8801994,3.5,5
1251,Feirinha do Bom Jesus,-8.0621405,-34.8713989,4.5,5
1252,Empório Sertanejo,-8.0423002,-34.8914108,4.5,12
1253,O Rei das Coxinhas,-8.0443096,-34.894249,4.5,11
1254,China 48,-8.0403204,-34.8926697,4.5,5
1255,Dalena,-8.0476161,-34.897091,4.5,9
1256,Chiwake,-8.0479241,-34.8954469,5.0,5
1257,ZEN,-8.04413390541109,-34.8928966601909,3.5,13
1258,Via Paladar,-8.04317,-34.893261,5.0,3
1259,Winner Sports Bar,-8.0473804,-34.8937912,4.5,5
1260,Com.Pão,-8.0415697,-34.8981781,5.0,4
1261,Papaya Verde,-8.0454302,-34.8928795,4.5,4
1262,Panificadora e Confeitaria Espinheiro,-8.0422497,-34.8923988,4.5,3
1263,Restaurante Amarelo Manga,-8.0437498,-34.8926811,4.5,3
1264,Pão de Açúcar,-8.0460616,-34.8972255,4.5,6
1265,Bodega do Futuro,-8.0427656,-34.8987312,4.0,7
1266,Confraria,-8.034333,-34.890739,4.5,6
1267,Buca Trattoria,-8.0451803,-34.8933601,4.5,3
1268,Cachaçaria Tradição,-8.0449434,-34.8997402,4.5,5
1269,DaHora Restaurante e Pizzaria,-8.0451899,-34.8937683,4.5,3
1270,Terracio Restaurante,-8.0439501,-34.8928909,5.0,2
1271,Tay San Yuen,-8.04145816406097,-34.8938260227442,4.5,3
1272,Parraxaxá,-8.038119,-34.911863,4.5,14
1273,Ponto do Açaí,-8.0370197,-34.9015884,4.5,7
1274,Bar do Neno e Lula,-8.0328199,-34.90963,4.5,5
1275,Parque da Jaqueira,-8.0373402,-34.9030304,5.0,4
1276,Recanto Paraibano,-8.03479180944101,-34.9119366114309,4.0,7
1277,Canela Gastrobar,-8.0345201,-34.8987999,4.5,5
1278,Portal da Picanha,-8.03527,-34.899235,4.0,9
1279,Mutti Capriccio,-8.03706,-34.91138,4.0,7
1280,Famiglia Lucco Pizzas,-8.0320997,-34.913681,4.0,6
1281,Texanno's,-8.035727,-34.908796,4.0,6
1282,Pizzaria Candelabro,-8.0279684,-34.9118652,4.5,4
1283,Pan Jovem Jaqueira,-8.0355101,-34.9022598,4.5,3
1284,Le Olive Pizzeria,-8.0349102,-34.9014511,4.5,3
1285,Guaiamum Gigante,-8.0362701,-34.9102783,3.5,7
1286,Kwai Burger,-8.03809,-34.90225,4.5,4
1287,Sítio Trindade,-8.02981610254743,-34.9123603915405,4.5,3
1288,O Rei da Picanha,-8.0244981,-34.9104218,3.5,5
1289,Sabor do Doce,-8.0267601,-34.9048615,4.0,3
1290,Yantai Express,-8.0325499,-34.9041481,3.0,6
1291,Oma Pâtisserie e Bistrô,-8.0279455,-34.8995438,4.5,3
1292,La Pecora Nera,-8.0493145,-34.9118423,5.0,5
1293,Vaporetto Container Bar,-8.04002102272508,-34.9127634242177,4.5,9
1294,Itiban,-8.05032177998383,-34.9074477873834,4.0,11
1295,Vovó Nice,-8.04529,-34.9072304,5.0,4
1296,Parque Santana,-8.0061598,-34.9272308,5.0,4
1297,Dobradinha do Gordo,-8.045796,-34.907201,4.5,5
1298,Torre Massas,-8.0437202,-34.9105186,5.0,3
1299,Panificadora Nova Armada,-8.04610186521047,-34.9070861935616,4.0,6
1300,Delicia da Prazeres,-8.05186,-34.91823,4.5,3
1301,Bar do Ao Seu Dispor,-8.04184,-34.90811,3.5,7
1302,Recife Cocos,-8.0084925,-34.9365158,5.0,3
1303,Di Branco Recepções,-8.0474701,-34.9085503,4.5,3
1304,Speciale Pizzas Artesanais,-8.04589,-34.90691,3.5,6
1305,Carlitos Burguer,-8.04387,-34.9092,3.5,7
1306,Bar do Agenor,-8.0482397,-34.9145012,3.5,3
1307,Irajá,-8.04653,-34.91092,4.0,3
1308,Pizzaria La Cuca,-8.0436697,-34.9093018,4.5,3
1309,Santa Pizza,-8.0421658,-34.9084854,4.0,4
1310,Nova Torre,-8.0422916,-34.9098015,5.0,2
1311,Confraria do Sanduba,-8.04762,-34.90904,3.5,5
1312,Empório Sertanejo,-8.0423002,-34.8914108,4.5,12
1313,O Rei das Coxinhas,-8.0443096,-34.894249,4.5,11
1314,Dalena,-8.0476161,-34.897091,4.5,9
1315,Chiwake,-8.0479241,-34.8954469,5.0,5
1316,ZEN,-8.04413390541109,-34.8928966601909,3.5,13
1317,Winner Sports Bar,-8.0473804,-34.8937912,4.5,5
1318,China 48,-8.0403204,-34.8926697,4.5,5
1319,Papaya Verde,-8.0454302,-34.8928795,4.5,4
1320,Via Paladar,-8.04317,-34.893261,5.0,3
1321,Com.Pão,-8.0415697,-34.8981781,5.0,4
1322,Restaurante Amarelo Manga,-8.0437498,-34.8926811,4.5,3
1323,Pão de Açúcar,-8.0460616,-34.8972255,4.5,6
1324,Buca Trattoria,-8.0451803,-34.8933601,4.5,3
1325,Panificadora e Confeitaria Espinheiro,-8.0422497,-34.8923988,4.5,3
1326,Bodega do Futuro,-8.0427656,-34.8987312,4.0,7
1327,DaHora Restaurante e Pizzaria,-8.0451899,-34.8937683,4.5,3
1328,Famiglia Lucco,-8.0474396,-34.8949585,4.5,4
1329,Ponte Nova,-8.0465311,-34.8981218,5.0,4
1330,Terracio Restaurante,-8.0439501,-34.8928909,5.0,2
1331,Na Venda - Chocolates e Cafés,-8.0451899,-34.8985901,5.0,3
1332,Bar e Restaurante Marisqueira,-8.0073512,-34.840877,5.0,1
1333,Sugoi,-7.9998088,-34.8392563,4.0,1
1334,Capitania Forneria & Mar,-7.9952755,-34.838913,5.0,1
1335,Sob Medida,-7.99626491926441,-34.8418368672758,1.0,1
1336,Spettus Steak House,-8.103658,-34.889275,4.5,17
1337,Nikko Japanese Fusion,-8.105029,-34.888829,4.5,7
1338,Camarada Camarão,-8.100946254656,-34.8864100361763,4.5,8
1339,Entre Amigos Praia,-8.09816842304372,-34.8840141766686,4.0,10
1340,Alphaiate,-8.104383,-34.887301,4.5,4
1341,Ganache Tortas Finas,-8.1124802,-34.8935699,5.0,3
1342,Tomaselli,-8.1029196,-34.8864594,4.5,3
1343,Benvinda,-8.10566,-34.889524,4.5,3
1344,Mingus,-8.0977966,-34.8847806,5.0,3
1345,Casa dos Frios,-8.1062803,-34.8901596,4.5,3
1346,Empadas Santa Massa,-8.103817,-34.8866997,4.5,3
1347,Wiella Bistrô,-8.1007299,-34.8876114,4.5,3
1348,Underground,-8.0970402,-34.8834915,4.0,6
1349,Diplomata Delicatessen,-8.1086502,-34.8903008,4.0,4
1350,Ça Va Bistrô,-8.0955496,-34.8840408,4.5,4
1351,Cakes Doceria,-8.1055498,-34.8895416,4.5,2
1352,Italian Freddo,-8.1008997,-34.8865814,4.5,2
1353,Chez Wiet Patisserie,-8.1007299,-34.8876114,4.5,2
1354,Club du Vin,-8.1055403,-34.8886108,4.0,2
1355,Club Bardot,-8.1101398,-34.892849,5.0,2
1356,Bar Central,-8.05779312123268,-34.880135199701,4.0,17
1357,Parque 13 de Maio,-8.0569096,-34.8833885,4.5,8
1358,Empório Sertanejo,-8.0423002,-34.8914108,4.5,12
1359,Galeria Café Castro Alves,-8.0533199,-34.8791199,4.5,5
1360,Club Miró,-8.0539904,-34.8879318,4.5,5
1361,Restaurante Puxinanã,-8.0576601,-34.8803291,4.5,5
1362,Bogart Café,-8.0546198,-34.8881798,4.5,5
1363,Espaço Muda,-8.0533199,-34.8791199,4.5,3
1364,Itapissuma,-8.0542775,-34.8812561,5.0,2
1365,São Braz,-8.0543404,-34.8833504,4.5,3
1366,Kovacic,-8.0527096,-34.8887444,4.5,3
1367,O Vegetariano,-8.05235,-34.8889198,4.5,3
1368,Rua do lazer,-8.05469513775016,-34.8873583421417,4.5,4
1369,Iraq,-8.0565796,-34.8854599,3.5,6
1370,Tapioca da Maria,-8.0531301,-34.8873787,4.5,3
1371,Restaurante Capitão Lima,-8.0541897,-34.8778,4.0,4
1372,Govinda,-8.0553703,-34.8859215,4.5,3
1373,Vasconcelos Bistrô e Café,-8.0478401,-34.8891907,4.5,3
1374,Igarassu,-8.0542775,-34.8812561,4.5,2
1375,Restaurante Acafrao,-8.05443,-34.8880692,4.5,3
1376,Sansa,-8.062973,-34.87236,4.5,8
1377,Downtown Pub,-8.0639,-34.8724599,4.5,11
1378,Paço do Frevo,-8.06154,-34.87092,4.5,7
1379,Torre Malakoff,-8.06015249140342,-34.8711306772461,5.0,6
1380,Sinagoga Kahal Zur Israel,-8.0619001,-34.8713608,4.5,7
1381,Apolo Beer Café,-8.0612497,-34.872139,5.0,4
1382,Bar Burburinho,-8.0640259,-34.8724022,4.5,6
1383,Bar Central,-8.05779312123268,-34.880135199701,4.0,17
1384,Caravela's,-8.0620203,-34.8714104,5.0,4
1385,Seu Boteco,-8.063757,-34.871309,4.5,7
1386,Feirinha do Bom Jesus,-8.0621405,-34.8713989,4.5,5
1387,As Galerias,-8.0612999,-34.87173,4.5,5
1388,Cais do Sertão,-8.060006,-34.869925,4.5,5
1389,Praça da República,-8.0613403,-34.8777199,5.0,5
1390,Cioccolatte Gelateria,-8.0549221,-34.869442,5.0,4
1391,Praça do Marco Zero,-8.06301333046358,-34.8712680653359,4.5,4
1392,Rock & Ribs,-8.0586004,-34.8696785,4.5,4
1393,Bar Teatro Mamulengo,-8.0610504,-34.8716393,4.0,5
1394,São Braz Café,-8.0643997,-34.8738785,4.5,3
1395,Parque de Esculturas Francisco Brennand,-8.06360159193182,-34.868788326062,4.5,4
1396,Bar Central,-8.05779312123268,-34.880135199701,4.0,17
1397,Parque 13 de Maio,-8.0569096,-34.8833885,4.5,8
1398,Torre Malakoff,-8.06015249140342,-34.8711306772461,5.0,6
1399,Restaurante Puxinanã,-8.0576601,-34.8803291,4.5,5
1400,Paço do Frevo,-8.06154,-34.87092,4.5,7
1401,Praça da República,-8.0613403,-34.8777199,5.0,5
1402,Sansa,-8.062973,-34.87236,4.5,8
1403,Galeria Café Castro Alves,-8.0533199,-34.8791199,4.5,5
1404,Sinagoga Kahal Zur Israel,-8.0619001,-34.8713608,4.5,7
1405,Apolo Beer Café,-8.0612497,-34.872139,5.0,4
1406,Downtown Pub,-8.0639,-34.8724599,4.5,11
1407,Espaço Muda,-8.0533199,-34.8791199,4.5,3
1408,Cais do Sertão,-8.060006,-34.869925,4.5,5
1409,Restaurante Capitão Lima,-8.0541897,-34.8778,4.0,4
1410,Caravela's,-8.0620203,-34.8714104,5.0,4
1411,Bar Burburinho,-8.0640259,-34.8724022,4.5,6
1412,As Galerias,-8.0612999,-34.87173,4.5,5
1413,Itapissuma,-8.0542775,-34.8812561,5.0,2
1414,Frontal Ponto de Encontro,-8.0578604,-34.8801994,3.5,5
1415,Feirinha do Bom Jesus,-8.0621405,-34.8713989,4.5,5
1416,Empório Sertanejo,-8.0423002,-34.8914108,4.5,12
1417,O Rei das Coxinhas,-8.0443096,-34.894249,4.5,11
1418,China 48,-8.0403204,-34.8926697,4.5,5
1419,Dalena,-8.0476161,-34.897091,4.5,9
1420,Chiwake,-8.0479241,-34.8954469,5.0,5
1421,ZEN,-8.04413390541109,-34.8928966601909,3.5,13
1422,Via Paladar,-8.04317,-34.893261,5.0,3
1423,Winner Sports Bar,-8.0473804,-34.8937912,4.5,5
1424,Com.Pão,-8.0415697,-34.8981781,5.0,4
1425,Papaya Verde,-8.0454302,-34.8928795,4.5,4
1426,Panificadora e Confeitaria Espinheiro,-8.0422497,-34.8923988,4.5,3
1427,Restaurante Amarelo Manga,-8.0437498,-34.8926811,4.5,3
1428,Pão de Açúcar,-8.0460616,-34.8972255,4.5,6
1429,Bodega do Futuro,-8.0427656,-34.8987312,4.0,7
1430,Confraria,-8.034333,-34.890739,4.5,6
1431,Buca Trattoria,-8.0451803,-34.8933601,4.5,3
1432,Cachaçaria Tradição,-8.0449434,-34.8997402,4.5,5
1433,DaHora Restaurante e Pizzaria,-8.0451899,-34.8937683,4.5,3
1434,Terracio Restaurante,-8.0439501,-34.8928909,5.0,2
1435,Tay San Yuen,-8.04145816406097,-34.8938260227442,4.5,3
1436,Parraxaxá,-8.038119,-34.911863,4.5,14
1437,Ponto do Açaí,-8.0370197,-34.9015884,4.5,7
1438,Bar do Neno e Lula,-8.0328199,-34.90963,4.5,5
1439,Parque da Jaqueira,-8.0373402,-34.9030304,5.0,4
1440,Recanto Paraibano,-8.03479180944101,-34.9119366114309,4.0,7
1441,Canela Gastrobar,-8.0345201,-34.8987999,4.5,5
1442,Portal da Picanha,-8.03527,-34.899235,4.0,9
1443,Mutti Capriccio,-8.03706,-34.91138,4.0,7
1444,Famiglia Lucco Pizzas,-8.0320997,-34.913681,4.0,6
1445,Texanno's,-8.035727,-34.908796,4.0,6
1446,Pizzaria Candelabro,-8.0279684,-34.9118652,4.5,4
1447,Pan Jovem Jaqueira,-8.0355101,-34.9022598,4.5,3
1448,Le Olive Pizzeria,-8.0349102,-34.9014511,4.5,3
1449,Guaiamum Gigante,-8.0362701,-34.9102783,3.5,7
1450,Kwai Burger,-8.03809,-34.90225,4.5,4
1451,Sítio Trindade,-8.02981610254743,-34.9123603915405,4.5,3
1452,O Rei da Picanha,-8.0244981,-34.9104218,3.5,5
1453,Sabor do Doce,-8.0267601,-34.9048615,4.0,3
1454,Yantai Express,-8.0325499,-34.9041481,3.0,6
1455,Oma Pâtisserie e Bistrô,-8.0279455,-34.8995438,4.5,3
1456,La Pecora Nera,-8.0493145,-34.9118423,5.0,5
1457,Vaporetto Container Bar,-8.04002102272508,-34.9127634242177,4.5,9
1458,Itiban,-8.05032177998383,-34.9074477873834,4.0,11
1459,Vovó Nice,-8.04529,-34.9072304,5.0,4
1460,Parque Santana,-8.0061598,-34.9272308,5.0,4
1461,Dobradinha do Gordo,-8.045796,-34.907201,4.5,5
1462,Torre Massas,-8.0437202,-34.9105186,5.0,3
1463,Panificadora Nova Armada,-8.04610186521047,-34.9070861935616,4.0,6
1464,Delicia da Prazeres,-8.05186,-34.91823,4.5,3
1465,Bar do Ao Seu Dispor,-8.04184,-34.90811,3.5,7
1466,Recife Cocos,-8.0084925,-34.9365158,5.0,3
1467,Di Branco Recepções,-8.0474701,-34.9085503,4.5,3
1468,Speciale Pizzas Artesanais,-8.04589,-34.90691,3.5,6
1469,Carlitos Burguer,-8.04387,-34.9092,3.5,7
1470,Bar do Agenor,-8.0482397,-34.9145012,3.5,3
1471,Irajá,-8.04653,-34.91092,4.0,3
1472,Pizzaria La Cuca,-8.0436697,-34.9093018,4.5,3
1473,Santa Pizza,-8.0421658,-34.9084854,4.0,4
1474,Nova Torre,-8.0422916,-34.9098015,5.0,2
1475,Confraria do Sanduba,-8.04762,-34.90904,3.5,5
